Entity,Code,Year,SO2 emissions by country (1850-2000) (Clio Infra)
Albania,ALB,1850,215.79569800000002
Albania,ALB,1860,255.094052
Albania,ALB,1870,288.675315
Albania,ALB,1880,318.676349
Albania,ALB,1890,327.273887
Albania,ALB,1900,376.065821
Albania,ALB,1910,393.394401
Albania,ALB,1920,388.645063
Albania,ALB,1930,491.45565600000003
Albania,ALB,1940,3690.298859
Albania,ALB,1950,3330.2991519999996
Albania,ALB,1960,20844.064039999997
Albania,ALB,1970,46651.612810000006
Albania,ALB,1980,82803.36149
Albania,ALB,1990,93268.65003
Albania,ALB,2000,13465.286559999999
Algeria,DZA,1850,408.838392
Algeria,DZA,1860,455.48452299999997
Algeria,DZA,1870,502.130654
Algeria,DZA,1880,548.778565
Algeria,DZA,1890,595.4335990000001
Algeria,DZA,1900,642.3223409999999
Algeria,DZA,1910,1282.695191
Algeria,DZA,1920,1762.065775
Algeria,DZA,1930,2957.315865
Algeria,DZA,1940,1597.2612589999999
Algeria,DZA,1950,14394.69515
Algeria,DZA,1960,34148.14298999999
Algeria,DZA,1970,114227.7899
Algeria,DZA,1980,145918.81699999998
Algeria,DZA,1990,138188.0728
Algeria,DZA,2000,183656.7261
Angola,AGO,1850,276.404238
Angola,AGO,1860,278.726963
Angola,AGO,1870,299.207652
Angola,AGO,1880,346.593463
Angola,AGO,1890,402.057977
Angola,AGO,1900,453.147642
Angola,AGO,1910,485.706426
Angola,AGO,1920,548.172475
Angola,AGO,1930,617.374683
Angola,AGO,1940,693.979761
Angola,AGO,1950,1045.567276
Angola,AGO,1960,5224.349109000001
Angola,AGO,1970,10429.409720000001
Angola,AGO,1980,13434.45702
Angola,AGO,1990,29391.06021
Angola,AGO,2000,31139.776560000002
Argentina,ARG,1850,193.003793
Argentina,ARG,1860,202.15991599999998
Argentina,ARG,1870,223.330741
Argentina,ARG,1880,272.22785100000004
Argentina,ARG,1890,8874.967201000001
Argentina,ARG,1900,13425.16127
Argentina,ARG,1910,56305.183
Argentina,ARG,1920,35414.450950000006
Argentina,ARG,1930,73822.30769999999
Argentina,ARG,1940,81657.17169
Argentina,ARG,1950,88453.19739
Argentina,ARG,1960,123119.4514
Argentina,ARG,1970,166197.7103
Argentina,ARG,1980,145586.1967
Argentina,ARG,1990,112806.9715
Argentina,ARG,2000,136779.86630000002
Armenia,ARM,1850,289.471038
Armenia,ARM,1860,292.834282
Armenia,ARM,1870,337.671173
Armenia,ARM,1880,446.10952100000003
Armenia,ARM,1890,778.849711
Armenia,ARM,1900,1568.8346740000002
Armenia,ARM,1910,1459.69894
Armenia,ARM,1920,794.102617
Armenia,ARM,1930,1949.5510259999999
Armenia,ARM,1940,4913.060506
Armenia,ARM,1950,5115.328074999999
Armenia,ARM,1960,17039.68869
Armenia,ARM,1970,43867.20496
Armenia,ARM,1980,82572.00872999999
Armenia,ARM,1990,81970.6437
Armenia,ARM,2000,13365.66402
Australia,AUS,1850,9241.389708
Australia,AUS,1860,24374.75615
Australia,AUS,1870,31919.28887
Australia,AUS,1880,46178.12882
Australia,AUS,1890,46726.82842
Australia,AUS,1900,124112.29539999999
Australia,AUS,1910,214708.9395
Australia,AUS,1920,171598.4094
Australia,AUS,1930,281226.5516
Australia,AUS,1940,408649.5433
Australia,AUS,1950,417996.33469999995
Australia,AUS,1960,843618.6321
Australia,AUS,1970,1451240.3099999998
Australia,AUS,1980,1616641.8450000002
Australia,AUS,1990,1593970
Australia,AUS,2000,2374560
Austria,AUT,1850,31474.743440000002
Austria,AUT,1860,67879.55222
Austria,AUT,1870,93342.77437999999
Austria,AUT,1880,245756.4167
Austria,AUT,1890,237618.40240000002
Austria,AUT,1900,390192.27749999997
Austria,AUT,1910,631470.4336
Austria,AUT,1920,125629.5556
Austria,AUT,1930,152750.7574
Austria,AUT,1940,81357.08785
Austria,AUT,1950,205893.6256
Austria,AUT,1960,334505.78410000005
Austria,AUT,1970,475252.8921
Austria,AUT,1980,384500
Austria,AUT,1990,74240
Austria,AUT,2000,31500
Azerbaijan,AZE,1850,451.835135
Azerbaijan,AZE,1860,455.63059
Azerbaijan,AZE,1870,518.782583
Azerbaijan,AZE,1880,736.394786
Azerbaijan,AZE,1890,1593.0636709999999
Azerbaijan,AZE,1900,3535.425803
Azerbaijan,AZE,1910,3221.814774
Azerbaijan,AZE,1920,1911.886232
Azerbaijan,AZE,1930,6020.988665
Azerbaijan,AZE,1940,12736.63344
Azerbaijan,AZE,1950,12869.3648
Azerbaijan,AZE,1960,49709.856530000005
Azerbaijan,AZE,1970,144348.1596
Azerbaijan,AZE,1980,55648.21849
Azerbaijan,AZE,1990,254169.4449
Azerbaijan,AZE,2000,201106.2611
Bahrain,BHR,1850,11.494564
Bahrain,BHR,1860,12.084029
Bahrain,BHR,1870,12.20609
Bahrain,BHR,1880,12.329384000000001
Bahrain,BHR,1890,12.453923
Bahrain,BHR,1900,12.57972
Bahrain,BHR,1910,10.588989999999999
Bahrain,BHR,1920,9.133004
Bahrain,BHR,1930,7.3848899999999995
Bahrain,BHR,1940,211.222085
Bahrain,BHR,1950,1627.8160129999999
Bahrain,BHR,1960,1111.20704
Bahrain,BHR,1970,1336.619288
Bahrain,BHR,1980,6231.324755000001
Bahrain,BHR,1990,12563.12213
Bahrain,BHR,2000,67105.17313
Bangladesh,BGD,1850,3633.4830899999997
Bangladesh,BGD,1860,3800.866283
Bangladesh,BGD,1870,4148.910113
Bangladesh,BGD,1880,4141.1918989999995
Bangladesh,BGD,1890,4402.681707
Bangladesh,BGD,1900,4553.081577999999
Bangladesh,BGD,1910,4411.540428
Bangladesh,BGD,1920,4205.226146
Bangladesh,BGD,1930,4008.7833929999997
Bangladesh,BGD,1940,3726.421195
Bangladesh,BGD,1950,3365.56202
Bangladesh,BGD,1960,3444.1445860000003
Bangladesh,BGD,1970,5090.696634000001
Bangladesh,BGD,1980,75961.98205
Bangladesh,BGD,1990,65315.42921
Bangladesh,BGD,2000,97782.19188999999
Belarus,BLR,1850,1421.8308909999998
Belarus,BLR,1860,1523.705719
Belarus,BLR,1870,1894.857126
Belarus,BLR,1880,2506.5547229999997
Belarus,BLR,1890,2933.3256539999998
Belarus,BLR,1900,4733.849937
Belarus,BLR,1910,5626.762622
Belarus,BLR,1920,2859.232043
Belarus,BLR,1930,8193.031952
Belarus,BLR,1940,29734.15796
Belarus,BLR,1950,93456.31801999999
Belarus,BLR,1960,220747.5231
Belarus,BLR,1970,433823.3829
Belarus,BLR,1980,667432.3069
Belarus,BLR,1990,623629.4301
Belarus,BLR,2000,136398.37470000001
Belgium,BEL,1850,51214.477029999995
Belgium,BEL,1860,81570.00481
Belgium,BEL,1870,136879.696
Belgium,BEL,1880,169552.01
Belgium,BEL,1890,222606.92
Belgium,BEL,1900,283669.38
Belgium,BEL,1910,354634.6891
Belgium,BEL,1920,300529.9956
Belgium,BEL,1930,778457.0763000001
Belgium,BEL,1940,489350.0778
Belgium,BEL,1950,597237.3555000001
Belgium,BEL,1960,730118.7195
Belgium,BEL,1970,1130059.3599999999
Belgium,BEL,1980,828000
Belgium,BEL,1990,263710
Belgium,BEL,2000,117480
Benin,BEN,1850,200.307789
Benin,BEN,1860,224.199821
Benin,BEN,1870,250.502154
Benin,BEN,1880,292.745719
Benin,BEN,1890,325.01136
Benin,BEN,1900,331.644245
Benin,BEN,1910,307.319953
Benin,BEN,1920,331.472893
Benin,BEN,1930,352.994211
Benin,BEN,1940,369.865141
Benin,BEN,1950,379.36467400000004
Benin,BEN,1960,1085.064772
Benin,BEN,1970,1794.350231
Benin,BEN,1980,2322.8217350000004
Benin,BEN,1990,2123.376827
Benin,BEN,2000,8116.268993000001
Bolivia,BOL,1850,142.318172
Bolivia,BOL,1860,169.91778799999997
Bolivia,BOL,1870,146.095299
Bolivia,BOL,1880,122.352716
Bolivia,BOL,1890,1085.9288330000002
Bolivia,BOL,1900,1948.92291
Bolivia,BOL,1910,5573.581426
Bolivia,BOL,1920,21215.98968
Bolivia,BOL,1930,308.431909
Bolivia,BOL,1940,1260.626921
Bolivia,BOL,1950,2509.835883
Bolivia,BOL,1960,6666.920892
Bolivia,BOL,1970,13082.97866
Bolivia,BOL,1980,15225.56301
Bolivia,BOL,1990,14531.529900000001
Bolivia,BOL,2000,20525.37371
Bosnia and Herzegovina,BIH,1850,440.179832
Bosnia and Herzegovina,BIH,1860,466.857398
Bosnia and Herzegovina,BIH,1870,517.3284679999999
Bosnia and Herzegovina,BIH,1880,573.2558690000001
Bosnia and Herzegovina,BIH,1890,635.229477
Bosnia and Herzegovina,BIH,1900,703.9029340000001
Bosnia and Herzegovina,BIH,1910,656.43698
Bosnia and Herzegovina,BIH,1920,608.998184
Bosnia and Herzegovina,BIH,1930,570.849755
Bosnia and Herzegovina,BIH,1940,433.19467699999996
Bosnia and Herzegovina,BIH,1950,705.668565
Bosnia and Herzegovina,BIH,1960,82183.20036
Bosnia and Herzegovina,BIH,1970,146286.9725
Bosnia and Herzegovina,BIH,1980,263526.3152
Bosnia and Herzegovina,BIH,1990,470002.1137
Bosnia and Herzegovina,BIH,2000,189490.6904
Botswana,BWA,1850,7.5680950000000005
Botswana,BWA,1860,8.639568
Botswana,BWA,1870,9.902729
Botswana,BWA,1880,11.40473
Botswana,BWA,1890,13.212377
Botswana,BWA,1900,15.425906
Botswana,BWA,1910,18.838907
Botswana,BWA,1920,23.339352
Botswana,BWA,1930,29.543831
Botswana,BWA,1940,38.596466
Botswana,BWA,1950,52.693681
Botswana,BWA,1960,69.15399
Botswana,BWA,1970,90.65812600000001
Botswana,BWA,1980,241.44158299999998
Botswana,BWA,1990,22619.43048
Botswana,BWA,2000,78465.46969000001
Brazil,BRA,1850,1721.616784
Brazil,BRA,1860,1983.522408
Brazil,BRA,1870,2248.5296369999996
Brazil,BRA,1880,2501.42029
Brazil,BRA,1890,3107.254765
Brazil,BRA,1900,3765.41828
Brazil,BRA,1910,46176.891070000005
Brazil,BRA,1920,49869.73288
Brazil,BRA,1930,82319.2536
Brazil,BRA,1940,107971.79010000001
Brazil,BRA,1950,211688.7385
Brazil,BRA,1960,433508.44039999996
Brazil,BRA,1970,777496.6478
Brazil,BRA,1980,1561894.196
Brazil,BRA,1990,1643292.27
Brazil,BRA,2000,1734696.441
Brunei,BRN,1850,1.689861
Brunei,BRN,1860,1.8368060000000002
Brunei,BRN,1870,1.916667
Brunei,BRN,1880,2.081692
Brunei,BRN,1890,2.626427
Brunei,BRN,1900,13.893242
Brunei,BRN,1910,55.376081
Brunei,BRN,1920,89.79745799999999
Brunei,BRN,1930,170.02619099999998
Brunei,BRN,1940,3156.5525270000003
Brunei,BRN,1950,487.71808300000004
Brunei,BRN,1960,423.05453
Brunei,BRN,1970,1641.297083
Brunei,BRN,1980,3801.0892830000003
Brunei,BRN,1990,3819.888186
Brunei,BRN,2000,7587.249734
Bulgaria,BGR,1850,250
Bulgaria,BGR,1860,254.30000000000004
Bulgaria,BGR,1870,258.6
Bulgaria,BGR,1880,320.01097899999996
Bulgaria,BGR,1890,2715.660604
Bulgaria,BGR,1900,5312.500625000001
Bulgaria,BGR,1910,10147.25282
Bulgaria,BGR,1920,15303.126909999999
Bulgaria,BGR,1930,38352.63594
Bulgaria,BGR,1940,67309.8407
Bulgaria,BGR,1950,169245.3803
Bulgaria,BGR,1960,540160.3102000001
Bulgaria,BGR,1970,1557080.155
Bulgaria,BGR,1980,2050000
Bulgaria,BGR,1990,2007000
Bulgaria,BGR,2000,1044579.9999999999
Cambodia,KHM,1850,673.060739
Cambodia,KHM,1860,689.085995
Cambodia,KHM,1870,705.492804
Cambodia,KHM,1880,752.532804
Cambodia,KHM,1890,806.2851469999999
Cambodia,KHM,1900,863.876944
Cambodia,KHM,1910,1028.904214
Cambodia,KHM,1920,1204.166176
Cambodia,KHM,1930,1445.458173
Cambodia,KHM,1940,1722.966907
Cambodia,KHM,1950,2041.5228060000002
Cambodia,KHM,1960,2735.259638
Cambodia,KHM,1970,3492.75638
Cambodia,KHM,1980,3329.0608700000003
Cambodia,KHM,1990,4902.297041
Cambodia,KHM,2000,10244.44923
Cameroon,CMR,1850,195.967004
Cameroon,CMR,1860,224.35996
Cameroon,CMR,1870,253.254416
Cameroon,CMR,1880,298.200926
Cameroon,CMR,1890,338.623501
Cameroon,CMR,1900,384.455827
Cameroon,CMR,1910,423.706395
Cameroon,CMR,1920,546.133112
Cameroon,CMR,1930,700.582259
Cameroon,CMR,1940,894.96574
Cameroon,CMR,1950,1553.2384299999999
Cameroon,CMR,1960,3137.232262
Cameroon,CMR,1970,6104.013005
Cameroon,CMR,1980,11772.60138
Cameroon,CMR,1990,15523.504190000001
Cameroon,CMR,2000,106814.2121
Canada,CAN,1850,4067.6308670000003
Canada,CAN,1860,8098.2294059999995
Canada,CAN,1870,14947.300229999999
Canada,CAN,1880,46802.55429
Canada,CAN,1890,111882.3237
Canada,CAN,1900,198935.74949999998
Canada,CAN,1910,623544.1484000001
Canada,CAN,1920,1056851.435
Canada,CAN,1930,1769121.489
Canada,CAN,1940,3134511.341
Canada,CAN,1950,3297808.043
Canada,CAN,1960,4209616.667
Canada,CAN,1970,5152433.555
Canada,CAN,1980,4035169.512
Canada,CAN,1990,3079472
Canada,CAN,2000,2234754
Chile,CHL,1850,26056.28114
Chile,CHL,1860,48631.69201
Chile,CHL,1870,58504.23541
Chile,CHL,1880,71266.78879
Chile,CHL,1890,56058.471580000005
Chile,CHL,1900,48679.05655
Chile,CHL,1910,100631.4
Chile,CHL,1920,219549.336
Chile,CHL,1930,467892.21650000004
Chile,CHL,1940,751806.7767
Chile,CHL,1950,811802.5242
Chile,CHL,1960,1185545.389
Chile,CHL,1970,1560596.464
Chile,CHL,1980,2107299.728
Chile,CHL,1990,2324426.458
Chile,CHL,2000,1145485.68
China,CHN,1850,161579.7881
China,CHN,1860,147046.1196
China,CHN,1870,137873.2303
China,CHN,1880,139606.7412
China,CHN,1890,141843.631
China,CHN,1900,147848.8581
China,CHN,1910,357157.1119
China,CHN,1920,458392.78250000003
China,CHN,1930,580934.9319000001
China,CHN,1940,1089203.517
China,CHN,1950,1070010.5559999999
China,CHN,1960,8260552.522
China,CHN,1970,7327123.739
China,CHN,1980,11980922.66
China,CHN,1990,17194156.75
China,CHN,2000,21392846.35
Colombia,COL,1850,369.197108
Colombia,COL,1860,384.910746
Colombia,COL,1870,427.26669400000003
Colombia,COL,1880,509.569822
Colombia,COL,1890,620.8211329999999
Colombia,COL,1900,834.549637
Colombia,COL,1910,974.879089
Colombia,COL,1920,1132.2399990000001
Colombia,COL,1930,5665.979512
Colombia,COL,1940,21251.85771
Colombia,COL,1950,38548.653809999996
Colombia,COL,1960,85837.22709
Colombia,COL,1970,103970.57789999999
Colombia,COL,1980,90865.12363
Colombia,COL,1990,125637.09
Colombia,COL,2000,150434.4686
Congo,COG,1850,34.916816000000004
Congo,COG,1860,35.210235
Congo,COG,1870,35.928810999999996
Congo,COG,1880,36.662052
Congo,COG,1890,42.460788
Congo,COG,1900,51.240332
Congo,COG,1910,206.84778400000002
Congo,COG,1920,433.691418
Congo,COG,1930,742.998594
Congo,COG,1940,1158.680984
Congo,COG,1950,1710.916386
Congo,COG,1960,8964.435308
Congo,COG,1970,19556.85269
Congo,COG,1980,23154.80242
Congo,COG,1990,25710.9673
Congo,COG,2000,180218.4876
Costa Rica,CRI,1850,10.31475
Costa Rica,CRI,1860,11.839333
Costa Rica,CRI,1870,14.986488
Costa Rica,CRI,1880,19.523322
Costa Rica,CRI,1890,28.508889
Costa Rica,CRI,1900,42.07828
Costa Rica,CRI,1910,55.744453
Costa Rica,CRI,1920,72.989677
Costa Rica,CRI,1930,84.643172
Costa Rica,CRI,1940,116.178424
Costa Rica,CRI,1950,2755.919036
Costa Rica,CRI,1960,4721.134642
Costa Rica,CRI,1970,10192.87706
Costa Rica,CRI,1980,15013.1117
Costa Rica,CRI,1990,18183.07836
Costa Rica,CRI,2000,19404.574620000003
Cote d'Ivoire,CIV,1850,130.374557
Cote d'Ivoire,CIV,1860,144.951781
Cote d'Ivoire,CIV,1870,164.837224
Cote d'Ivoire,CIV,1880,193.411412
Cote d'Ivoire,CIV,1890,223.542095
Cote d'Ivoire,CIV,1900,252.68389000000002
Cote d'Ivoire,CIV,1910,249.277678
Cote d'Ivoire,CIV,1920,275.753846
Cote d'Ivoire,CIV,1930,299.88824400000004
Cote d'Ivoire,CIV,1940,318.855225
Cote d'Ivoire,CIV,1950,328.562681
Cote d'Ivoire,CIV,1960,4284.369771
Cote d'Ivoire,CIV,1970,17777.45948
Cote d'Ivoire,CIV,1980,20231.00477
Cote d'Ivoire,CIV,1990,16947.318750000002
Cote d'Ivoire,CIV,2000,34373.287079999995
Croatia,HRV,1850,636.8419739999999
Croatia,HRV,1860,675.4710980000001
Croatia,HRV,1870,748.850519
Croatia,HRV,1880,830.940052
Croatia,HRV,1890,923.800818
Croatia,HRV,1900,1037.876937
Croatia,HRV,1910,1081.3455880000001
Croatia,HRV,1920,1012.458829
Croatia,HRV,1930,1805.1984969999999
Croatia,HRV,1940,1581.350495
Croatia,HRV,1950,3040.320928
Croatia,HRV,1960,23511.68662
Croatia,HRV,1970,103706.3416
Croatia,HRV,1980,167164.7576
Croatia,HRV,1990,168709.13100000002
Croatia,HRV,2000,70233.54981
Cuba,CUB,1850,6709.431817
Cuba,CUB,1860,197.261289
Cuba,CUB,1870,217.97841100000002
Cuba,CUB,1880,229.777563
Cuba,CUB,1890,239.47215
Cuba,CUB,1900,253.355284
Cuba,CUB,1910,7855.7261849999995
Cuba,CUB,1920,14925.86257
Cuba,CUB,1930,719.125143
Cuba,CUB,1940,842.9389819999999
Cuba,CUB,1950,54982.814490000004
Cuba,CUB,1960,172062.5337
Cuba,CUB,1970,267080.8661
Cuba,CUB,1980,300062.9483
Cuba,CUB,1990,355485.4441
Cuba,CUB,2000,319889.9406
Cyprus,CYP,1850,20.201949
Cyprus,CYP,1860,22.524012
Cyprus,CYP,1870,22.751527
Cyprus,CYP,1880,22.981341
Cyprus,CYP,1890,140.793592
Cyprus,CYP,1900,272.135105
Cyprus,CYP,1910,506.610456
Cyprus,CYP,1920,136.814605
Cyprus,CYP,1930,401.31919100000005
Cyprus,CYP,1940,510.69567900000004
Cyprus,CYP,1950,4873.170467999999
Cyprus,CYP,1960,13968.88988
Cyprus,CYP,1970,23431.23648
Cyprus,CYP,1980,28003.27157
Cyprus,CYP,1990,46002.61725
Cyprus,CYP,2000,26163.51405
Czechia,CZE,1850,1912.501894
Czechia,CZE,1860,4612.199854
Czechia,CZE,1870,63743.39448
Czechia,CZE,1880,260486.87769999998
Czechia,CZE,1890,452700.2761
Czechia,CZE,1900,602463.0683
Czechia,CZE,1910,740549.2028
Czechia,CZE,1920,625485.3454999999
Czechia,CZE,1930,698146.2587
Czechia,CZE,1940,941500.2488000001
Czechia,CZE,1950,1014464.168
Czechia,CZE,1960,1849863.696
Czechia,CZE,1970,2532700.687
Czechia,CZE,1980,2257000
Czechia,CZE,1990,1876000
Czechia,CZE,2000,264410
Democratic Republic of Congo,COD,1850,543.973609
Democratic Republic of Congo,COD,1860,603.058183
Democratic Republic of Congo,COD,1870,692.259029
Democratic Republic of Congo,COD,1880,821.14833
Democratic Republic of Congo,COD,1890,942.838111
Democratic Republic of Congo,COD,1900,1079.3718569999999
Democratic Republic of Congo,COD,1910,1111.677971
Democratic Republic of Congo,COD,1920,1346.347305
Democratic Republic of Congo,COD,1930,109078.3808
Democratic Republic of Congo,COD,1940,119044.2071
Democratic Republic of Congo,COD,1950,214847.2339
Democratic Republic of Congo,COD,1960,296967.89400000003
Democratic Republic of Congo,COD,1970,390957.4483
Democratic Republic of Congo,COD,1980,358384.9895
Democratic Republic of Congo,COD,1990,250307.6453
Democratic Republic of Congo,COD,2000,15414.55963
Denmark,DNK,1850,2480.320022
Denmark,DNK,1860,3872.094022
Denmark,DNK,1870,8140.184153
Denmark,DNK,1880,13096.30854
Denmark,DNK,1890,20841.752950000002
Denmark,DNK,1900,36892.16957
Denmark,DNK,1910,53237.71646
Denmark,DNK,1920,51225.31037
Denmark,DNK,1930,101192.6753
Denmark,DNK,1940,83148.48114999999
Denmark,DNK,1950,181097.9638
Denmark,DNK,1960,323033.36100000003
Denmark,DNK,1970,600016.6805
Denmark,DNK,1980,452100
Denmark,DNK,1990,177640
Denmark,DNK,2000,28480
Dominican Republic,DOM,1850,39.266814
Dominican Republic,DOM,1860,49.083518
Dominican Republic,DOM,1870,61.354397
Dominican Republic,DOM,1880,76.692996
Dominican Republic,DOM,1890,99.7312
Dominican Republic,DOM,1900,128.97958200000002
Dominican Republic,DOM,1910,151.318497
Dominican Republic,DOM,1920,192.413686
Dominican Republic,DOM,1930,248.001054
Dominican Republic,DOM,1940,284.205501
Dominican Republic,DOM,1950,3637.436814
Dominican Republic,DOM,1960,10516.97959
Dominican Republic,DOM,1970,29267.335020000002
Dominican Republic,DOM,1980,63344.01665
Dominican Republic,DOM,1990,66369.47011
Dominican Republic,DOM,2000,103662.9987
Ecuador,ECU,1850,173.85904399999998
Ecuador,ECU,1860,194.845706
Ecuador,ECU,1870,215.832367
Ecuador,ECU,1880,246.567902
Ecuador,ECU,1890,271.95844
Ecuador,ECU,1900,300.84830600000004
Ecuador,ECU,1910,326.01651100000004
Ecuador,ECU,1920,466.147907
Ecuador,ECU,1930,4126.7064869999995
Ecuador,ECU,1940,5825.404286999999
Ecuador,ECU,1950,6666.486038
Ecuador,ECU,1960,15577.449630000001
Ecuador,ECU,1970,29385.650410000002
Ecuador,ECU,1980,87101.88816999999
Ecuador,ECU,1990,90062.59334
Ecuador,ECU,2000,86811.87493
Egypt,EGY,1850,471.206883
Egypt,EGY,1860,489.831661
Egypt,EGY,1870,559.807612
Egypt,EGY,1880,639.789557
Egypt,EGY,1890,889.351824
Egypt,EGY,1900,1080.797344
Egypt,EGY,1910,1059.0167589999999
Egypt,EGY,1920,7126.001639
Egypt,EGY,1930,12697.48182
Egypt,EGY,1940,39318.03433
Egypt,EGY,1950,108791.9639
Egypt,EGY,1960,170464.2899
Egypt,EGY,1970,194965.804
Egypt,EGY,1980,382628.09729999996
Egypt,EGY,1990,666659.1049
Egypt,EGY,2000,559049.8888
El Salvador,SLV,1850,51.480472999999996
El Salvador,SLV,1860,56.905521
El Salvador,SLV,1870,63.222215
El Salvador,SLV,1880,69.727575
El Salvador,SLV,1890,77.21548
El Salvador,SLV,1900,92.37106200000001
El Salvador,SLV,1910,133.846241
El Salvador,SLV,1920,210.07808599999998
El Salvador,SLV,1930,237.971923
El Salvador,SLV,1940,323.128101
El Salvador,SLV,1950,3063.7554480000003
El Salvador,SLV,1960,6352.002692
El Salvador,SLV,1970,13644.91293
El Salvador,SLV,1980,13609.55434
El Salvador,SLV,1990,15085.906850000001
El Salvador,SLV,2000,31814.26259
Eritrea,ERI,1850,28.127783
Eritrea,ERI,1860,28.364151
Eritrea,ERI,1870,29.761400000000002
Eritrea,ERI,1880,31.227479
Eritrea,ERI,1890,32.765778000000005
Eritrea,ERI,1900,34.379856000000004
Eritrea,ERI,1910,37.180935
Eritrea,ERI,1920,51.051234
Eritrea,ERI,1930,70.037183
Eritrea,ERI,1940,96.008073
Eritrea,ERI,1950,131.51098
Eritrea,ERI,1960,168.097791
Eritrea,ERI,1970,216.816258
Eritrea,ERI,1980,282.018635
Eritrea,ERI,1990,359.771344
Eritrea,ERI,2000,6178.279313
Estonia,EST,1850,294.57502
Estonia,EST,1860,310.838709
Estonia,EST,1870,340.54123200000004
Estonia,EST,1880,471.964344
Estonia,EST,1890,994.7410880000001
Estonia,EST,1900,2150.06056
Estonia,EST,1910,1819.316516
Estonia,EST,1920,1005.9750409999999
Estonia,EST,1930,2900.3156670000003
Estonia,EST,1940,5242.831755
Estonia,EST,1950,4496.090025
Estonia,EST,1960,203830.5613
Estonia,EST,1970,257635.1512
Estonia,EST,1980,308467.3153
Estonia,EST,1990,256883.7137
Estonia,EST,2000,114948.86820000001
Finland,FIN,1850,2462.524606
Finland,FIN,1860,3118.1309069999998
Finland,FIN,1870,4030.0678230000003
Finland,FIN,1880,4356.634266999999
Finland,FIN,1890,12939.069290000001
Finland,FIN,1900,26223.10727
Finland,FIN,1910,54228.367249999996
Finland,FIN,1920,27096.787809999998
Finland,FIN,1930,106618.0803
Finland,FIN,1940,107952.4326
Finland,FIN,1950,313544.0459
Finland,FIN,1960,390737.7319
Finland,FIN,1970,591573.6233
Finland,FIN,1980,584000
Finland,FIN,1990,248700
Finland,FIN,2000,80440
France,FRA,1850,97788.57853
France,FRA,1860,170201.8443
France,FRA,1870,225417.4952
France,FRA,1880,342907.87769999995
France,FRA,1890,422172.1842
France,FRA,1900,560740.5265
France,FRA,1910,736356.3381
France,FRA,1920,1004232.8720000001
France,FRA,1930,1491866.107
France,FRA,1940,879060.3274
France,FRA,1950,1574378.34
France,FRA,1960,1912031.197
France,FRA,1970,3363515.5979999998
France,FRA,1980,3211000
France,FRA,1990,1368300
France,FRA,2000,669570
Gabon,GAB,1850,17.996804
Gabon,GAB,1860,18.148038
Gabon,GAB,1870,18.961322
Gabon,GAB,1880,20.888002
Gabon,GAB,1890,24.959825000000002
Gabon,GAB,1900,29.336909000000002
Gabon,GAB,1910,43.856131
Gabon,GAB,1920,68.458574
Gabon,GAB,1930,101.14774899999999
Gabon,GAB,1940,144.174251
Gabon,GAB,1950,200.365443
Gabon,GAB,1960,2236.355722
Gabon,GAB,1970,15153.00756
Gabon,GAB,1980,25015.496639999998
Gabon,GAB,1990,33295.094659999995
Gabon,GAB,2000,47369.29952
Georgia,GEO,1850,849.242693
Georgia,GEO,1860,862.154971
Georgia,GEO,1870,1009.163893
Georgia,GEO,1880,1373.103228
Georgia,GEO,1890,2389.569213
Georgia,GEO,1900,4874.477615
Georgia,GEO,1910,4563.902846
Georgia,GEO,1920,2402.177955
Georgia,GEO,1930,6080.4553590000005
Georgia,GEO,1940,15294.597230000001
Georgia,GEO,1950,16056.01471
Georgia,GEO,1960,43145.79236
Georgia,GEO,1970,88858.36519
Georgia,GEO,1980,139541.2171
Georgia,GEO,1990,153234.94700000001
Georgia,GEO,2000,13348.44607
Germany,DEU,1850,114929.3462
Germany,DEU,1860,249437.54340000002
Germany,DEU,1870,463491.67110000004
Germany,DEU,1880,767562.1472
Germany,DEU,1890,1225044.892
Germany,DEU,1900,1960123.005
Germany,DEU,1910,2718272.0530000003
Germany,DEU,1920,2681623.524
Germany,DEU,1930,3293086.6550000003
Germany,DEU,1940,4787910.842999999
Germany,DEU,1950,4071854.776
Germany,DEU,1960,6934144.631
Germany,DEU,1970,8116572.315
Germany,DEU,1980,7514000
Germany,DEU,1990,5352060
Germany,DEU,2000,636830
Ghana,GHA,1850,307.698176
Ghana,GHA,1860,347.71684200000004
Ghana,GHA,1870,395.639598
Ghana,GHA,1880,468.309492
Ghana,GHA,1890,538.9551339999999
Ghana,GHA,1900,595.7973119999999
Ghana,GHA,1910,558.4094309999999
Ghana,GHA,1920,610.634905
Ghana,GHA,1930,661.414191
Ghana,GHA,1940,708.079796
Ghana,GHA,1950,3510.7722510000003
Ghana,GHA,1960,9401.087131
Ghana,GHA,1970,16896.5346
Ghana,GHA,1980,17316.185569999998
Ghana,GHA,1990,20023.03583
Ghana,GHA,2000,32746.978820000004
Greece,GRC,1850,2550.544739
Greece,GRC,1860,3432.83826
Greece,GRC,1870,6761.559539
Greece,GRC,1880,5428.04724
Greece,GRC,1890,10835.10061
Greece,GRC,1900,20250.31061
Greece,GRC,1910,26571.5821
Greece,GRC,1920,18527.93697
Greece,GRC,1930,44254.73622
Greece,GRC,1940,18241.025400000002
Greece,GRC,1950,48472.61155
Greece,GRC,1960,109279.0542
Greece,GRC,1970,282139.5271
Greece,GRC,1980,400000
Greece,GRC,1990,469140.0301
Greece,GRC,2000,492820
Guatemala,GTM,1850,85
Guatemala,GTM,1860,96.5
Guatemala,GTM,1870,108
Guatemala,GTM,1880,117.325
Guatemala,GTM,1890,123.5
Guatemala,GTM,1900,130
Guatemala,GTM,1910,169.612093
Guatemala,GTM,1920,216.24797
Guatemala,GTM,1930,271.163671
Guatemala,GTM,1940,375.79904200000004
Guatemala,GTM,1950,7877.672033999999
Guatemala,GTM,1960,16519.92926
Guatemala,GTM,1970,26445.04591
Guatemala,GTM,1980,45740.59908
Guatemala,GTM,1990,21003.08536
Guatemala,GTM,2000,58497.28881
Haiti,HTI,1850,93.8
Haiti,HTI,1860,104.4
Haiti,HTI,1870,115
Haiti,HTI,1880,137.04108000000002
Haiti,HTI,1890,169.198623
Haiti,HTI,1900,222.311224
Haiti,HTI,1910,264.325405
Haiti,HTI,1920,318.019151
Haiti,HTI,1930,371.380273
Haiti,HTI,1940,431.758079
Haiti,HTI,1950,1813.228597
Haiti,HTI,1960,3588.774211
Haiti,HTI,1970,4629.994070999999
Haiti,HTI,1980,5488.303184
Haiti,HTI,1990,7410.8457530000005
Haiti,HTI,2000,6790.349944
Honduras,HND,1850,35
Honduras,HND,1860,38.96718
Honduras,HND,1870,41.964656000000005
Honduras,HND,1880,45.192706
Honduras,HND,1890,48.669068
Honduras,HND,1900,56.506738
Honduras,HND,1910,73.365847
Honduras,HND,1920,99.64394899999999
Honduras,HND,1930,150.81349999999998
Honduras,HND,1940,220.255682
Honduras,HND,1950,2799.523911
Honduras,HND,1960,5442.902176
Honduras,HND,1970,10421.479379999999
Honduras,HND,1980,12836.790799999999
Honduras,HND,1990,16077.959289999999
Honduras,HND,2000,29262.63368
Hungary,HUN,1850,6199.651454
Hungary,HUN,1860,18939.03751
Hungary,HUN,1870,44228.54573
Hungary,HUN,1880,70115.65354
Hungary,HUN,1890,124616.1188
Hungary,HUN,1900,248653.2859
Hungary,HUN,1910,331540.814
Hungary,HUN,1920,185818.35179999997
Hungary,HUN,1930,297391.13859999995
Hungary,HUN,1940,462702.0329
Hungary,HUN,1950,877133.7236
Hungary,HUN,1960,1445046.986
Hungary,HUN,1970,1662380.948
Hungary,HUN,1980,1633000
Hungary,HUN,1990,979858.3402000001
Hungary,HUN,2000,488960
Iceland,ISL,1850,3.931632
Iceland,ISL,1860,4.383544
Iceland,ISL,1870,4.427822
Iceland,ISL,1880,4.472548
Iceland,ISL,1890,8.643247
Iceland,ISL,1900,17.074611
Iceland,ISL,1910,50.724167
Iceland,ISL,1920,100.500328
Iceland,ISL,1930,209.37203300000002
Iceland,ISL,1940,1325.3305799999998
Iceland,ISL,1950,2469.585209
Iceland,ISL,1960,5990.174703
Iceland,ISL,1970,7539.353331
Iceland,ISL,1980,11000
Iceland,ISL,1990,18733.62147
Iceland,ISL,2000,33361.81019
India,IND,1850,35014.61808
India,IND,1860,39486.61907
India,IND,1870,42607.55886
India,IND,1880,47607.07617
India,IND,1890,63859.00378
India,IND,1900,102120.81499999999
India,IND,1910,161357.228
India,IND,1920,220600.9362
India,IND,1930,280909.42840000003
India,IND,1940,338353.0697
India,IND,1950,424643.6063
India,IND,1960,701932.3915
India,IND,1970,1114088.347
India,IND,1980,1674004.747
India,IND,1990,3301688.576
India,IND,2000,5362529.636
Indonesia,IDN,1850,3116.088721
Indonesia,IDN,1860,3635.719933
Indonesia,IDN,1870,4272.728558
Indonesia,IDN,1880,5086.863561
Indonesia,IDN,1890,6253.133414999999
Indonesia,IDN,1900,12954.021470000002
Indonesia,IDN,1910,25169.40658
Indonesia,IDN,1920,36088.81379
Indonesia,IDN,1930,53716.965090000005
Indonesia,IDN,1940,66645.22815
Indonesia,IDN,1950,42239.713899999995
Indonesia,IDN,1960,70019.35876
Indonesia,IDN,1970,107529.6546
Indonesia,IDN,1980,205912.4044
Indonesia,IDN,1990,348813.9845
Indonesia,IDN,2000,1011525.894
Iran,IRN,1850,1390.042058
Iran,IRN,1860,1678.029068
Iran,IRN,1870,2138.416798
Iran,IRN,1880,2521.835802
Iran,IRN,1890,2856.928518
Iran,IRN,1900,3113.282415
Iran,IRN,1910,2829.4179609999997
Iran,IRN,1920,8873.331755000001
Iran,IRN,1930,13259.92697
Iran,IRN,1940,31945.1827
Iran,IRN,1950,178268.2532
Iran,IRN,1960,261554.9193
Iran,IRN,1970,501213.4504
Iran,IRN,1980,673140.9628999999
Iran,IRN,1990,1213624.463
Iran,IRN,2000,1358811.0180000002
Iraq,IRQ,1850,186.52703200000002
Iraq,IRQ,1860,199.362872
Iraq,IRQ,1870,229.559817
Iraq,IRQ,1880,263.57238900000004
Iraq,IRQ,1890,301.94567900000004
Iraq,IRQ,1900,345.30264500000004
Iraq,IRQ,1910,329.534113
Iraq,IRQ,1920,390.356515
Iraq,IRQ,1930,4785.448013
Iraq,IRQ,1940,88290.43361
Iraq,IRQ,1950,19894.22142
Iraq,IRQ,1960,81579.33957
Iraq,IRQ,1970,136858.3607
Iraq,IRQ,1980,307566.5365
Iraq,IRQ,1990,386506.78319999995
Iraq,IRQ,2000,477992.7085
Ireland,IRL,1850,2442.74847
Ireland,IRL,1860,2274.231523
Ireland,IRL,1870,2171.214575
Ireland,IRL,1880,2086.797628
Ireland,IRL,1890,1848.222209
Ireland,IRL,1900,1612.1273
Ireland,IRL,1910,1334.143278
Ireland,IRL,1920,1615.56047
Ireland,IRL,1930,68477.42752000001
Ireland,IRL,1940,82138.24927
Ireland,IRL,1950,75099.22922
Ireland,IRL,1960,95056.98068
Ireland,IRL,1970,198028.49029999998
Ireland,IRL,1980,222000
Ireland,IRL,1990,182590
Ireland,IRL,2000,136880
Israel,ISR,1850,179.315734
Israel,ISR,1860,189.604256
Israel,ISR,1870,191.519451
Israel,ISR,1880,193.453991
Israel,ISR,1890,195.40807199999998
Israel,ISR,1900,197.38189
Israel,ISR,1910,182.69771400000002
Israel,ISR,1920,187.736804
Israel,ISR,1930,191.905834
Israel,ISR,1940,194.713741
Israel,ISR,1950,10916.63674
Israel,ISR,1960,47484.767609999995
Israel,ISR,1970,122476.552
Israel,ISR,1980,161696.6264
Israel,ISR,1990,273122.5893
Israel,ISR,2000,442506.2947
Italy,ITA,1850,4643.786691
Italy,ITA,1860,5278.217216
Italy,ITA,1870,31200.31247
Italy,ITA,1880,55742.04934
Italy,ITA,1890,154950.7246
Italy,ITA,1900,191633.1065
Italy,ITA,1910,285299.1162
Italy,ITA,1920,195013.87980000002
Italy,ITA,1930,400523.7249
Italy,ITA,1940,460958.8063
Italy,ITA,1950,519302.1655
Italy,ITA,1960,1433082.56
Italy,ITA,1970,3947267.096
Italy,ITA,1980,3437000
Italy,ITA,1990,1793120
Italy,ITA,2000,753690
Jamaica,JAM,1850,43.424004000000004
Jamaica,JAM,1860,44.597626
Jamaica,JAM,1870,50.543976
Jamaica,JAM,1880,57.283173
Jamaica,JAM,1890,64.920929
Jamaica,JAM,1900,73.577053
Jamaica,JAM,1910,134.656517
Jamaica,JAM,1920,211.748722
Jamaica,JAM,1930,307.657888
Jamaica,JAM,1940,426.12383
Jamaica,JAM,1950,590.2596159999999
Jamaica,JAM,1960,19005.62596
Jamaica,JAM,1970,61636.189510000004
Jamaica,JAM,1980,79292.50721
Jamaica,JAM,1990,98335.04191999999
Jamaica,JAM,2000,113542.6372
Japan,JPN,1850,25065.32168
Japan,JPN,1860,25772.92494
Japan,JPN,1870,26624.16615
Japan,JPN,1880,53543.51311
Japan,JPN,1890,118803.4349
Japan,JPN,1900,260761.2783
Japan,JPN,1910,533127.1045
Japan,JPN,1920,1081202.2380000001
Japan,JPN,1930,1346651.253
Japan,JPN,1940,1640540.558
Japan,JPN,1950,1099041.811
Japan,JPN,1960,2187561.577
Japan,JPN,1970,5336780.788
Japan,JPN,1980,1317000
Japan,JPN,1990,974750
Japan,JPN,2000,884590
Jordan,JOR,1850,33.134251000000006
Jordan,JOR,1860,39.37115
Jordan,JOR,1870,51.83437300000001
Jordan,JOR,1880,60.622838
Jordan,JOR,1890,67.57643200000001
Jordan,JOR,1900,67.711856
Jordan,JOR,1910,56.564434
Jordan,JOR,1920,47.421631
Jordan,JOR,1930,42.726234000000005
Jordan,JOR,1940,34.255813
Jordan,JOR,1950,1232.925377
Jordan,JOR,1960,5266.389576
Jordan,JOR,1970,10276.9278
Jordan,JOR,1980,34760.82986
Jordan,JOR,1990,70637.36428
Jordan,JOR,2000,101924.056
Kazakhstan,KAZ,1850,560.427916
Kazakhstan,KAZ,1860,563.801989
Kazakhstan,KAZ,1870,634.783501
Kazakhstan,KAZ,1880,966.132084
Kazakhstan,KAZ,1890,2020.9794940000002
Kazakhstan,KAZ,1900,5026.448703999999
Kazakhstan,KAZ,1910,5462.456388
Kazakhstan,KAZ,1920,3581.227976
Kazakhstan,KAZ,1930,61661.93075000001
Kazakhstan,KAZ,1940,320607.89499999996
Kazakhstan,KAZ,1950,429870.2672
Kazakhstan,KAZ,1960,1895161.294
Kazakhstan,KAZ,1970,2323022.4990000003
Kazakhstan,KAZ,1980,2164433.109
Kazakhstan,KAZ,1990,2426884.9140000003
Kazakhstan,KAZ,2000,1766801.392
Kenya,KEN,1850,262.689661
Kenya,KEN,1860,264.897137
Kenya,KEN,1870,286.438289
Kenya,KEN,1880,318.320719
Kenya,KEN,1890,350.857839
Kenya,KEN,1900,380.73862
Kenya,KEN,1910,398.251709
Kenya,KEN,1920,489.593547
Kenya,KEN,1930,601.542051
Kenya,KEN,1940,738.686216
Kenya,KEN,1950,7147.2224830000005
Kenya,KEN,1960,19484.215030000003
Kenya,KEN,1970,21159.85414
Kenya,KEN,1980,36591.122390000004
Kenya,KEN,1990,41736.08765
Kenya,KEN,2000,66708.22073
Kuwait,KWT,1850,15.137216
Kuwait,KWT,1860,15.913483
Kuwait,KWT,1870,16.074226
Kuwait,KWT,1880,16.236591
Kuwait,KWT,1890,16.400596999999998
Kuwait,KWT,1900,16.56626
Kuwait,KWT,1910,13.944663
Kuwait,KWT,1920,110.438361
Kuwait,KWT,1930,351.60929899999996
Kuwait,KWT,1940,671.209285
Kuwait,KWT,1950,39957.88072
Kuwait,KWT,1960,77298.05662
Kuwait,KWT,1970,169116.7482
Kuwait,KWT,1980,162106.1906
Kuwait,KWT,1990,106230.2908
Kuwait,KWT,2000,290355.8384
Kyrgyzstan,KGZ,1850,314.413842
Kyrgyzstan,KGZ,1860,331.360657
Kyrgyzstan,KGZ,1870,370.084976
Kyrgyzstan,KGZ,1880,409.811143
Kyrgyzstan,KGZ,1890,524.8313
Kyrgyzstan,KGZ,1900,770.6964849999999
Kyrgyzstan,KGZ,1910,691.435231
Kyrgyzstan,KGZ,1920,494.891322
Kyrgyzstan,KGZ,1930,886.268606
Kyrgyzstan,KGZ,1940,1479.7427069999999
Kyrgyzstan,KGZ,1950,1294.520552
Kyrgyzstan,KGZ,1960,46946.77586
Kyrgyzstan,KGZ,1970,71120.08376
Kyrgyzstan,KGZ,1980,97906.64301
Kyrgyzstan,KGZ,1990,93685.7737
Kyrgyzstan,KGZ,2000,21579.70976
Latvia,LVA,1850,568.0415519999999
Latvia,LVA,1860,619.979163
Latvia,LVA,1870,776.9563069999999
Latvia,LVA,1880,1251.243037
Latvia,LVA,1890,2249.269992
Latvia,LVA,1900,4888.437196
Latvia,LVA,1910,4737.147157
Latvia,LVA,1920,2342.105309
Latvia,LVA,1930,7303.256253
Latvia,LVA,1940,17905.98518
Latvia,LVA,1950,22095.22331
Latvia,LVA,1960,47021.64902
Latvia,LVA,1970,80545.27433
Latvia,LVA,1980,115728.7711
Latvia,LVA,1990,101420
Latvia,LVA,2000,9610
Lebanon,LBN,1850,61.572402
Lebanon,LBN,1860,65.97043099999999
Lebanon,LBN,1870,70.682605
Lebanon,LBN,1880,84.38255699999999
Lebanon,LBN,1890,85.234906
Lebanon,LBN,1900,94.82011999999999
Lebanon,LBN,1910,83.225268
Lebanon,LBN,1920,80.93589700000001
Lebanon,LBN,1930,83.200426
Lebanon,LBN,1940,788.956341
Lebanon,LBN,1950,7860.999372
Lebanon,LBN,1960,12742.85256
Lebanon,LBN,1970,18882.7481
Lebanon,LBN,1980,40292.73646
Lebanon,LBN,1990,39012.67727
Lebanon,LBN,2000,92314.52683
Libya,LBY,1850,56.000924
Libya,LBY,1860,56.47152
Libya,LBY,1870,58.66883
Libya,LBY,1880,64.43575799999999
Libya,LBY,1890,69.997353
Libya,LBY,1900,75.414517
Libya,LBY,1910,68.99599500000001
Libya,LBY,1920,59.438393999999995
Libya,LBY,1930,49.744491000000004
Libya,LBY,1940,61.492334
Libya,LBY,1950,299.46272200000004
Libya,LBY,1960,1554.156158
Libya,LBY,1970,163510.8094
Libya,LBY,1980,126661.57710000001
Libya,LBY,1990,120475.05320000001
Libya,LBY,2000,101789.25499999999
Lithuania,LTU,1850,664.6553680000001
Lithuania,LTU,1860,737.4705339999999
Lithuania,LTU,1870,980.978267
Lithuania,LTU,1880,1845.749433
Lithuania,LTU,1890,3817.347894
Lithuania,LTU,1900,8901.245224
Lithuania,LTU,1910,8464.048797
Lithuania,LTU,1920,3993.027251
Lithuania,LTU,1930,13174.85748
Lithuania,LTU,1940,36949.2699
Lithuania,LTU,1950,43571.01624
Lithuania,LTU,1960,95704.83878
Lithuania,LTU,1970,172733.2069
Lithuania,LTU,1980,243621.1763
Lithuania,LTU,1990,214136.25
Lithuania,LTU,2000,44211.625
Luxembourg,LUX,1850,18.333748
Luxembourg,LUX,1860,20.441076
Luxembourg,LUX,1870,20.647551
Luxembourg,LUX,1880,21.985306
Luxembourg,LUX,1890,23.323061
Luxembourg,LUX,1900,24.660815999999997
Luxembourg,LUX,1910,22.763937000000002
Luxembourg,LUX,1920,20.534183000000002
Luxembourg,LUX,1930,17.971552
Luxembourg,LUX,1940,15.076045
Luxembourg,LUX,1950,637.681847
Luxembourg,LUX,1960,11007.960130000001
Luxembourg,LUX,1970,42003.98007
Luxembourg,LUX,1980,25520
Luxembourg,LUX,1990,26000
Luxembourg,LUX,2000,4308.13
Malaysia,MYS,1850,106
Malaysia,MYS,1860,133
Malaysia,MYS,1870,160
Malaysia,MYS,1880,291.66083599999996
Malaysia,MYS,1890,317.08541499999995
Malaysia,MYS,1900,492.98504599999995
Malaysia,MYS,1910,508.077408
Malaysia,MYS,1920,953.541078
Malaysia,MYS,1930,717.337753
Malaysia,MYS,1940,1182.9543019999999
Malaysia,MYS,1950,5848.643756
Malaysia,MYS,1960,6868.714768
Malaysia,MYS,1970,23284.556340000003
Malaysia,MYS,1980,42739.29786
Malaysia,MYS,1990,98676.90878
Malaysia,MYS,2000,147393.3541
Malta,MLT,1850,18.164025
Malta,MLT,1860,18.79037
Malta,MLT,1870,19.573303
Malta,MLT,1880,20.388857
Malta,MLT,1890,21.238393000000002
Malta,MLT,1900,22.123326
Malta,MLT,1910,51.628475
Malta,MLT,1920,84.433493
Malta,MLT,1930,120.54865600000001
Malta,MLT,1940,160.23152800000003
Malta,MLT,1950,6542.610640999999
Malta,MLT,1960,10793.260189999999
Malta,MLT,1970,19939.180279999997
Malta,MLT,1980,29649.3896
Malta,MLT,1990,29304.01556
Malta,MLT,2000,26457.87672
Mexico,MEX,1850,1476.319086
Mexico,MEX,1860,1546.856641
Mexico,MEX,1870,1635.004467
Mexico,MEX,1880,1696.319044
Mexico,MEX,1890,16557.44064
Mexico,MEX,1900,51825.77344
Mexico,MEX,1910,218379.9913
Mexico,MEX,1920,253586.21790000002
Mexico,MEX,1930,331039.67669999995
Mexico,MEX,1940,403549.6389
Mexico,MEX,1950,658137.6834999999
Mexico,MEX,1960,766318.0928000001
Mexico,MEX,1970,1002601.454
Mexico,MEX,1980,2003311.365
Mexico,MEX,1990,2729223.085
Mexico,MEX,2000,2990615.0349999997
Moldova,MDA,1850,443.833537
Moldova,MDA,1860,447.070024
Moldova,MDA,1870,506.62665100000004
Moldova,MDA,1880,715.5702299999999
Moldova,MDA,1890,1529.265549
Moldova,MDA,1900,3385.508303
Moldova,MDA,1910,2996.185317
Moldova,MDA,1920,1778.126066
Moldova,MDA,1930,5115.576126999999
Moldova,MDA,1940,9954.074593
Moldova,MDA,1950,8919.722584000001
Moldova,MDA,1960,137548.3648
Moldova,MDA,1970,214492.3333
Moldova,MDA,1980,308322.292
Moldova,MDA,1990,175288.3973
Moldova,MDA,2000,13027.626789999998
Mongolia,MNG,1850,194.73979799999998
Mongolia,MNG,1860,198.040473
Mongolia,MNG,1870,201.397091
Mongolia,MNG,1880,206.80900899999997
Mongolia,MNG,1890,227.48990999999998
Mongolia,MNG,1900,250.23890100000003
Mongolia,MNG,1910,236.30463600000002
Mongolia,MNG,1920,189.149037
Mongolia,MNG,1930,145.229952
Mongolia,MNG,1940,104.547381
Mongolia,MNG,1950,69.65505900000001
Mongolia,MNG,1960,185.51536099999998
Mongolia,MNG,1970,364.31627
Mongolia,MNG,1980,699.001727
Mongolia,MNG,1990,103110.61379999999
Mongolia,MNG,2000,66235.66046
Morocco,MAR,1850,556.899702
Morocco,MAR,1860,592.578356
Morocco,MAR,1870,634.164932
Morocco,MAR,1880,696.500984
Morocco,MAR,1890,757.013993
Morocco,MAR,1900,816.890944
Morocco,MAR,1910,736.980005
Morocco,MAR,1920,637.949827
Morocco,MAR,1930,542.285519
Morocco,MAR,1940,5582.336885
Morocco,MAR,1950,38399.92408
Morocco,MAR,1960,41640.830649999996
Morocco,MAR,1970,64267.021459999996
Morocco,MAR,1980,163269.2317
Morocco,MAR,1990,246757.12730000002
Morocco,MAR,2000,337592.97400000005
Mozambique,MOZ,1850,455.68323100000003
Mozambique,MOZ,1860,501.46821500000004
Mozambique,MOZ,1870,576.773331
Mozambique,MOZ,1880,661.256704
Mozambique,MOZ,1890,751.633692
Mozambique,MOZ,1900,865.251721
Mozambique,MOZ,1910,918.134181
Mozambique,MOZ,1920,1047.929609
Mozambique,MOZ,1930,1460.848425
Mozambique,MOZ,1940,1906.146123
Mozambique,MOZ,1950,3758.10981
Mozambique,MOZ,1960,15448.04386
Mozambique,MOZ,1970,22342.706629999997
Mozambique,MOZ,1980,20629.06806
Mozambique,MOZ,1990,9497.064505
Mozambique,MOZ,2000,13826.94172
Myanmar,MMR,1850,786.4
Myanmar,MMR,1860,817.6999999999999
Myanmar,MMR,1870,849
Myanmar,MMR,1880,1173.501709
Myanmar,MMR,1890,1498.010252
Myanmar,MMR,1900,2035.0430489999999
Myanmar,MMR,1910,2268.9549420000003
Myanmar,MMR,1920,9567.591895
Myanmar,MMR,1930,63352.62752
Myanmar,MMR,1940,65155.801569999996
Myanmar,MMR,1950,5229.909245
Myanmar,MMR,1960,21847.110910000003
Myanmar,MMR,1970,32975.10697
Myanmar,MMR,1980,35346.55665
Myanmar,MMR,1990,18364.229479999998
Myanmar,MMR,2000,29559.05199
Namibia,NAM,1850,13.409395
Namibia,NAM,1860,14.862279000000001
Namibia,NAM,1870,16.866363999999997
Namibia,NAM,1880,24.606128000000002
Namibia,NAM,1890,27.498091
Namibia,NAM,1900,30.034616
Namibia,NAM,1910,31.030359
Namibia,NAM,1920,31.74358
Namibia,NAM,1930,32.007703
Namibia,NAM,1940,31.584325000000003
Namibia,NAM,1950,30.134999
Namibia,NAM,1960,28.083866999999998
Namibia,NAM,1970,36.139848
Namibia,NAM,1980,97570.85036
Namibia,NAM,1990,80909.30717
Namibia,NAM,2000,37354.08081
Nepal,NPL,1850,690.035082
Nepal,NPL,1860,768.681324
Nepal,NPL,1870,909.941066
Nepal,NPL,1880,1012.560843
Nepal,NPL,1890,1236.346344
Nepal,NPL,1900,1372.85368
Nepal,NPL,1910,1402.773216
Nepal,NPL,1920,1587.475115
Nepal,NPL,1930,1654.857352
Nepal,NPL,1940,1720.8328669999999
Nepal,NPL,1950,2051.6268410000002
Nepal,NPL,1960,2832.1730719999996
Nepal,NPL,1970,4885.627245000001
Nepal,NPL,1980,10555.16795
Nepal,NPL,1990,15126.228640000001
Nepal,NPL,2000,43077.57104
Netherlands,NLD,1850,22637.29625
Netherlands,NLD,1860,34488.68217
Netherlands,NLD,1870,35636.555010000004
Netherlands,NLD,1880,57406.29
Netherlands,NLD,1890,72457.12000000001
Netherlands,NLD,1900,102517.95
Netherlands,NLD,1910,146513.06579999998
Netherlands,NLD,1920,142497.39560000002
Netherlands,NLD,1930,320465.5649
Netherlands,NLD,1940,256400.34339999998
Netherlands,NLD,1950,383314.6286
Netherlands,NLD,1960,640199.0618
Netherlands,NLD,1970,844099.5309
Netherlands,NLD,1980,490000
Netherlands,NLD,1990,185740
Netherlands,NLD,2000,71380
New Zealand,NZL,1850,35.082736000000004
New Zealand,NZL,1860,40.757638
New Zealand,NZL,1870,243.913962
New Zealand,NZL,1880,7101.885407
New Zealand,NZL,1890,14608.67719
New Zealand,NZL,1900,24773.03977
New Zealand,NZL,1910,49028.36293
New Zealand,NZL,1920,41889.82029
New Zealand,NZL,1930,57888.63601
New Zealand,NZL,1940,57355.3747
New Zealand,NZL,1950,68061.31385
New Zealand,NZL,1960,82959.27878000001
New Zealand,NZL,1970,102247.9895
New Zealand,NZL,1980,75652.51716
New Zealand,NZL,1990,54210
New Zealand,NZL,2000,63850
Nicaragua,NIC,1850,30
Nicaragua,NIC,1860,31.850000000000005
Nicaragua,NIC,1870,33.7
Nicaragua,NIC,1880,38.413185000000006
Nicaragua,NIC,1890,43.900783
Nicaragua,NIC,1900,57.218946
Nicaragua,NIC,1910,72.859383
Nicaragua,NIC,1920,91.800782
Nicaragua,NIC,1930,126.24149700000001
Nicaragua,NIC,1940,163.722304
Nicaragua,NIC,1950,2077.755148
Nicaragua,NIC,1960,5575.146138
Nicaragua,NIC,1970,13225.76495
Nicaragua,NIC,1980,15878.10088
Nicaragua,NIC,1990,18114.48501
Nicaragua,NIC,2000,29099.9525
Nigeria,NGA,1850,1855.4779509999998
Nigeria,NGA,1860,2072.389464
Nigeria,NGA,1870,2339.64608
Nigeria,NGA,1880,2703.379363
Nigeria,NGA,1890,3099.16464
Nigeria,NGA,1900,3497.343803
Nigeria,NGA,1910,4020.0114749999993
Nigeria,NGA,1920,9149.469637999999
Nigeria,NGA,1930,14408.224199999999
Nigeria,NGA,1940,15799.36154
Nigeria,NGA,1950,25101.41067
Nigeria,NGA,1960,35593.777649999996
Nigeria,NGA,1970,274986.3862
Nigeria,NGA,1980,521182.04649999994
Nigeria,NGA,1990,459688.1536
Nigeria,NGA,2000,546531.9402
North Korea,PRK,1850,4657.695622
North Korea,PRK,1860,4471.5313989999995
North Korea,PRK,1870,4417.830584
North Korea,PRK,1880,4711.980722
North Korea,PRK,1890,5040.076324000001
North Korea,PRK,1900,5354.556009999999
North Korea,PRK,1910,4997.15718
North Korea,PRK,1920,5755.011914
North Korea,PRK,1930,7876.375403
North Korea,PRK,1940,26384.92035
North Korea,PRK,1950,13744.77519
North Korea,PRK,1960,125500.1501
North Korea,PRK,1970,229995.68389999997
North Korea,PRK,1980,457014.6434
North Korea,PRK,1990,532531.0889
North Korea,PRK,2000,344989.10640000005
North Macedonia,MKD,1850,203.393125
North Macedonia,MKD,1860,215.71998100000002
North Macedonia,MKD,1870,239.04106
North Macedonia,MKD,1880,264.883639
North Macedonia,MKD,1890,293.775264
North Macedonia,MKD,1900,340.426947
North Macedonia,MKD,1910,350.402292
North Macedonia,MKD,1920,591.932549
North Macedonia,MKD,1930,4872.4601490000005
North Macedonia,MKD,1940,5985.349689000001
North Macedonia,MKD,1950,24750.92846
North Macedonia,MKD,1960,47034.40406
North Macedonia,MKD,1970,69633.42534
North Macedonia,MKD,1980,136765.0091
North Macedonia,MKD,1990,151274.5752
North Macedonia,MKD,2000,98638.95074
Norway,NOR,1850,3285.3164229999998
Norway,NOR,1860,5232.48114
Norway,NOR,1870,7971.485627
Norway,NOR,1880,13362.76865
Norway,NOR,1890,24107.5317
Norway,NOR,1900,45714.04673
Norway,NOR,1910,86298.6001
Norway,NOR,1920,72161.91025
Norway,NOR,1930,137898.2058
Norway,NOR,1940,115232.2181
Norway,NOR,1950,175481.2803
Norway,NOR,1960,211596.464
Norway,NOR,1970,307242.0527
Norway,NOR,1980,179434.01460000002
Norway,NOR,1990,52330
Norway,NOR,2000,27020
Oman,OMN,1850,51.427262
Oman,OMN,1860,52.939828
Oman,OMN,1870,54.49688200000001
Oman,OMN,1880,56.018192
Oman,OMN,1890,58.966518
Oman,OMN,1900,62.070018
Oman,OMN,1910,54.447385000000004
Oman,OMN,1920,43.841321
Oman,OMN,1930,33.213122
Oman,OMN,1940,22.365738999999998
Oman,OMN,1950,11.295828
Oman,OMN,1970,6852.315097
Oman,OMN,1980,9958.297543
Oman,OMN,1990,64632.998360000005
Oman,OMN,2000,130590.1136
Pakistan,PAK,1850,3977.041934
Pakistan,PAK,1860,4322.871667
Pakistan,PAK,1870,4510.822609
Pakistan,PAK,1880,4707.346667000001
Pakistan,PAK,1890,4914.003139
Pakistan,PAK,1900,5182.232664
Pakistan,PAK,1910,5274.685780999999
Pakistan,PAK,1920,5422.853873
Pakistan,PAK,1930,6044.0096
Pakistan,PAK,1940,6858.326354
Pakistan,PAK,1950,52701.16872
Pakistan,PAK,1960,111150.01150000001
Pakistan,PAK,1970,138980.5835
Pakistan,PAK,1980,160232.679
Pakistan,PAK,1990,518061.21340000007
Pakistan,PAK,2000,971299.4547
Panama,PAN,1850,13.5
Panama,PAN,1860,15.549999999999999
Panama,PAN,1870,17.6
Panama,PAN,1880,19.322449
Panama,PAN,1890,22.542856999999998
Panama,PAN,1900,26.3
Panama,PAN,1910,36.68444
Panama,PAN,1920,48.489373
Panama,PAN,1930,60.327848
Panama,PAN,1940,87.222543
Panama,PAN,1950,131.496971
Panama,PAN,1960,208.82479
Panama,PAN,1970,417.889621
Panama,PAN,1980,22974.497509999997
Panama,PAN,1990,15316.75089
Panama,PAN,2000,26621.591930000002
Paraguay,PRY,1850,42.362570000000005
Paraguay,PRY,1860,48.677116
Paraguay,PRY,1870,58.136523000000004
Paraguay,PRY,1880,64.141255
Paraguay,PRY,1890,75.63777900000001
Paraguay,PRY,1900,92.975654
Paraguay,PRY,1910,126.579935
Paraguay,PRY,1920,171.715621
Paraguay,PRY,1930,231.29418700000002
Paraguay,PRY,1940,314.94847999999996
Paraguay,PRY,1950,919.686821
Paraguay,PRY,1960,2817.569814
Paraguay,PRY,1970,5607.337323000001
Paraguay,PRY,1980,8046.305171
Paraguay,PRY,1990,10235.67725
Paraguay,PRY,2000,13354.201270000001
Peru,PER,1850,200.1
Peru,PER,1860,230.040529
Peru,PER,1870,259.981059
Peru,PER,1880,307.604921
Peru,PER,1890,3867.289817
Peru,PER,1900,9060.160471
Peru,PER,1910,66619.93008
Peru,PER,1920,78913.95767
Peru,PER,1930,116522.0579
Peru,PER,1940,95992.18061000001
Peru,PER,1950,97395.07193
Peru,PER,1960,468490.19800000003
Peru,PER,1970,583182.8842999999
Peru,PER,1980,925558.8652
Peru,PER,1990,674814.119
Peru,PER,2000,1100704.197
Philippines,PHL,1850,533.472207
Philippines,PHL,1860,637.7822130000001
Philippines,PHL,1870,771.937034
Philippines,PHL,1880,925.7209859999999
Philippines,PHL,1890,1101.12642
Philippines,PHL,1900,1303.1976869999999
Philippines,PHL,1910,1877.512127
Philippines,PHL,1920,2464.033429
Philippines,PHL,1930,2043.918287
Philippines,PHL,1940,2925.5777080000003
Philippines,PHL,1950,32663.156610000002
Philippines,PHL,1960,73850.97924
Philippines,PHL,1970,206823.96850000002
Philippines,PHL,1980,306115.5311
Philippines,PHL,1990,371765.27509999997
Philippines,PHL,2000,475226.732
Poland,POL,1850,20890.03739
Poland,POL,1860,45681.96103
Poland,POL,1870,98179.90093
Poland,POL,1880,153372.59660000002
Poland,POL,1890,240908.8674
Poland,POL,1900,360328.89019999997
Poland,POL,1910,522376.69789999997
Poland,POL,1920,423107.0493
Poland,POL,1930,811702.5333
Poland,POL,1940,1217501.446
Poland,POL,1950,1044088.115
Poland,POL,1960,1805567.29
Poland,POL,1970,2730283.645
Poland,POL,1980,4100000
Poland,POL,1990,3435873.6479999996
Poland,POL,2000,1492526.562
Portugal,PRT,1850,988.932765
Portugal,PRT,1860,1001.851195
Portugal,PRT,1870,1120.839391
Portugal,PRT,1880,3468.253942
Portugal,PRT,1890,10934.83757
Portugal,PRT,1900,14769.50085
Portugal,PRT,1910,25157.29889
Portugal,PRT,1920,17728.21408
Portugal,PRT,1930,33674.60802
Portugal,PRT,1940,31632.97031
Portugal,PRT,1950,46566.015569999996
Portugal,PRT,1960,76443.62436999999
Portugal,PRT,1970,133221.8122
Portugal,PRT,1980,266000
Portugal,PRT,1990,319890
Portugal,PRT,2000,307000
Qatar,QAT,1850,2.485569
Qatar,QAT,1860,2.6130340000000003
Qatar,QAT,1870,2.639429
Qatar,QAT,1880,2.666089
Qatar,QAT,1890,2.6930199999999997
Qatar,QAT,1900,2.720222
Qatar,QAT,1910,5.042502
Qatar,QAT,1920,36.218238
Qatar,QAT,1930,109.53803400000001
Qatar,QAT,1940,206.007394
Qatar,QAT,1950,2534.5121609999997
Qatar,QAT,1960,7316.100219
Qatar,QAT,1970,16695.3966
Qatar,QAT,1980,23320.62094
Qatar,QAT,1990,23353.79351
Qatar,QAT,2000,34238.23785
Romania,ROU,1850,846.798668
Romania,ROU,1860,1004.6375720000001
Romania,ROU,1870,1264.311462
Romania,ROU,1880,1482.70495
Romania,ROU,1890,27747.66627
Romania,ROU,1900,28224.14443
Romania,ROU,1910,53640.54835999999
Romania,ROU,1920,71558.89672
Romania,ROU,1930,134812.1659
Romania,ROU,1940,247932.9924
Romania,ROU,1950,230088.3006
Romania,ROU,1960,463367.0914
Romania,ROU,1970,1124183.546
Romania,ROU,1980,1055000
Romania,ROU,1990,1310000
Romania,ROU,2000,727420.63
Russia,RUS,1850,39748.03549
Russia,RUS,1860,39394.36615
Russia,RUS,1870,53960.46537
Russia,RUS,1880,84749.33578
Russia,RUS,1890,125224.2549
Russia,RUS,1900,277706.1455
Russia,RUS,1910,389320.9349
Russia,RUS,1920,120398.5298
Russia,RUS,1930,517337.9437
Russia,RUS,1940,1897015.604
Russia,RUS,1950,2565124.134
Russia,RUS,1960,5744018.169
Russia,RUS,1970,7926006.223
Russia,RUS,1980,10143157.530000001
Russia,RUS,1990,10631924.65
Russia,RUS,2000,6352342.475000001
Saudi Arabia,SAU,1850,333.42814100000004
Saudi Arabia,SAU,1860,340.23279699999995
Saudi Arabia,SAU,1870,347.176323
Saudi Arabia,SAU,1880,358.135262
Saudi Arabia,SAU,1890,370.484754
Saudi Arabia,SAU,1900,383.26009
Saudi Arabia,SAU,1910,330.468794
Saudi Arabia,SAU,1920,502.314218
Saudi Arabia,SAU,1930,1015.329508
Saudi Arabia,SAU,1940,13514.06571
Saudi Arabia,SAU,1950,58346.7723
Saudi Arabia,SAU,1960,45946.4487
Saudi Arabia,SAU,1970,129720.59100000001
Saudi Arabia,SAU,1980,854600.516
Saudi Arabia,SAU,1990,809984.6427
Saudi Arabia,SAU,2000,1436100.4370000002
Senegal,SEN,1850,118.863979
Senegal,SEN,1860,119.862836
Senegal,SEN,1870,122.309016
Senegal,SEN,1880,138.655847
Senegal,SEN,1890,159.20401
Senegal,SEN,1900,181.10701300000002
Senegal,SEN,1910,163.88035100000002
Senegal,SEN,1920,171.54915400000002
Senegal,SEN,1930,175.730264
Senegal,SEN,1940,174.72185100000002
Senegal,SEN,1950,166.280863
Senegal,SEN,1960,8448.910068
Senegal,SEN,1970,12080.71902
Senegal,SEN,1980,23147.45443
Senegal,SEN,1990,23589.064879999998
Senegal,SEN,2000,32241.784760000002
Singapore,SGP,1850,6.432213
Singapore,SGP,1860,8.324041000000001
Singapore,SGP,1870,10.772288
Singapore,SGP,1880,13.940608000000001
Singapore,SGP,1890,18.040786999999998
Singapore,SGP,1900,23.346901
Singapore,SGP,1910,25.17803
Singapore,SGP,1920,26.066667000000002
Singapore,SGP,1930,29.8
Singapore,SGP,1940,25.033333000000002
Singapore,SGP,1950,17.034967
Singapore,SGP,1960,5401.589058
Singapore,SGP,1970,62223.95754
Singapore,SGP,1980,131702.5979
Singapore,SGP,1990,315843.9766
Singapore,SGP,2000,303163.31830000004
Slovakia,SVK,1850,645.233652
Slovakia,SVK,1860,982.959308
Slovakia,SVK,1870,7534.572211000001
Slovakia,SVK,1880,28562.31025
Slovakia,SVK,1890,48561.618500000004
Slovakia,SVK,1900,62167.50954
Slovakia,SVK,1910,72820.97955999999
Slovakia,SVK,1920,64410.684380000006
Slovakia,SVK,1930,97196.03738000001
Slovakia,SVK,1940,119482.35889999999
Slovakia,SVK,1950,148003.9275
Slovakia,SVK,1960,317160.52280000004
Slovakia,SVK,1970,508560.2786
Slovakia,SVK,1980,780000
Slovakia,SVK,1990,542000
Slovakia,SVK,2000,126951.572
Slovenia,SVN,1850,243.651169
Slovenia,SVN,1860,258.41791800000004
Slovenia,SVN,1870,286.355119
Slovenia,SVN,1880,317.314796
Slovenia,SVN,1890,353.275077
Slovenia,SVN,1900,487.908091
Slovenia,SVN,1910,646.0457550000001
Slovenia,SVN,1920,2297.189798
Slovenia,SVN,1930,7569.5168109999995
Slovenia,SVN,1940,4952.350615
Slovenia,SVN,1950,31298.57766
Slovenia,SVN,1960,83364.3498
Slovenia,SVN,1970,147651.19329999998
Slovenia,SVN,1980,234163.6354
Slovenia,SVN,1990,198172.0844
Slovenia,SVN,2000,98956.97194
South Africa,ZAF,1850,1245.45483
South Africa,ZAF,1860,1898.143859
South Africa,ZAF,1870,2546.15
South Africa,ZAF,1880,11443.395
South Africa,ZAF,1890,20342.61209
South Africa,ZAF,1900,29490.56641
South Africa,ZAF,1910,169883.07570000002
South Africa,ZAF,1920,271495.5501
South Africa,ZAF,1930,251936.5914
South Africa,ZAF,1940,398951.2614
South Africa,ZAF,1950,588202.9255
South Africa,ZAF,1960,833177.9811999999
South Africa,ZAF,1970,1490521.5820000002
South Africa,ZAF,1980,1859674.99
South Africa,ZAF,1990,2283473.109
South Africa,ZAF,2000,2391942.287
South Korea,KOR,1850,2630.153384
South Korea,KOR,1860,2674.732255
South Korea,KOR,1870,2720.0667
South Korea,KOR,1880,2650.341483
South Korea,KOR,1890,2704.430085
South Korea,KOR,1900,2759.6225360000003
South Korea,KOR,1910,2884.844468
South Korea,KOR,1920,4586.048288999999
South Korea,KOR,1930,8738.335381
South Korea,KOR,1940,44733.74964
South Korea,KOR,1950,21365.30145
South Korea,KOR,1960,130844.4603
South Korea,KOR,1970,554948.2746
South Korea,KOR,1980,1270049.6579999998
South Korea,KOR,1990,1475298.699
South Korea,KOR,2000,942541.0104
Spain,ESP,1850,21719.726319999998
Spain,ESP,1860,45827.755789999996
Spain,ESP,1870,69505.74492
Spain,ESP,1880,142106.67190000002
Spain,ESP,1890,228969.3105
Spain,ESP,1900,321907.2846
Spain,ESP,1910,371183.513
Spain,ESP,1920,341333.6949
Spain,ESP,1930,343767.6485
Spain,ESP,1940,275725.5574
Spain,ESP,1950,454634.2373
Spain,ESP,1960,622523.2709
Spain,ESP,1970,1431761.635
Spain,ESP,1980,2836000
Spain,ESP,1990,2161800
Spain,ESP,2000,1451150
Sri Lanka,LKA,1850,329.208687
Sri Lanka,LKA,1860,371.454907
Sri Lanka,LKA,1870,413.701128
Sri Lanka,LKA,1880,402.137672
Sri Lanka,LKA,1890,440.38405200000005
Sri Lanka,LKA,1900,518.23801
Sri Lanka,LKA,1910,635.953989
Sri Lanka,LKA,1920,777.7420900000001
Sri Lanka,LKA,1930,926.831166
Sri Lanka,LKA,1940,1111.69411
Sri Lanka,LKA,1950,9052.830697
Sri Lanka,LKA,1960,20396.23835
Sri Lanka,LKA,1970,42382.231660000005
Sri Lanka,LKA,1980,50393.50679000001
Sri Lanka,LKA,1990,44504.97779
Sri Lanka,LKA,2000,138419.8217
Sweden,SWE,1850,10810.49853
Sweden,SWE,1860,13320.72961
Sweden,SWE,1870,16957.0708
Sweden,SWE,1880,24027
Sweden,SWE,1890,39319.5
Sweden,SWE,1900,72922.5
Sweden,SWE,1910,116424.2998
Sweden,SWE,1920,114759.6105
Sweden,SWE,1930,240811.64860000001
Sweden,SWE,1940,227764.4497
Sweden,SWE,1950,428057.2931
Sweden,SWE,1960,761668.4987
Sweden,SWE,1970,845710.4428
Sweden,SWE,1980,491000
Sweden,SWE,1990,107860
Sweden,SWE,2000,45690
Switzerland,CHE,1850,2159.185207
Switzerland,CHE,1860,4235.667513
Switzerland,CHE,1870,8298.257982000001
Switzerland,CHE,1880,13376.89501
Switzerland,CHE,1890,23346.28887
Switzerland,CHE,1900,40448.433110000005
Switzerland,CHE,1910,55392.89729
Switzerland,CHE,1920,50184.75858
Switzerland,CHE,1930,65974.10739
Switzerland,CHE,1940,59738.03667
Switzerland,CHE,1950,91506.93285
Switzerland,CHE,1960,185226.3924
Switzerland,CHE,1970,217113.1962
Switzerland,CHE,1980,116000
Switzerland,CHE,1990,45090.82486
Switzerland,CHE,2000,19861.850359999997
Syria,SYR,1850,385.810064
Syria,SYR,1860,398.25555
Syria,SYR,1870,411.102503
Syria,SYR,1880,464.114456
Syria,SYR,1890,517.1264100000001
Syria,SYR,1900,507.85246900000004
Syria,SYR,1910,415.529227
Syria,SYR,1920,326.295545
Syria,SYR,1930,240.151424
Syria,SYR,1940,251.61078999999998
Syria,SYR,1950,3059.773591
Syria,SYR,1960,24169.51063
Syria,SYR,1970,48307.08667
Syria,SYR,1980,121840.92970000001
Syria,SYR,1990,250127.9588
Syria,SYR,2000,283262.6939
Tajikistan,TJK,1850,291.09055700000005
Tajikistan,TJK,1860,295.39692499999995
Tajikistan,TJK,1870,344.764886
Tajikistan,TJK,1880,415.059233
Tajikistan,TJK,1890,516.59337
Tajikistan,TJK,1900,804.128104
Tajikistan,TJK,1910,839.360462
Tajikistan,TJK,1920,547.437737
Tajikistan,TJK,1930,1215.483256
Tajikistan,TJK,1940,3425.567098
Tajikistan,TJK,1950,5598.510173000001
Tajikistan,TJK,1960,14302.332059999999
Tajikistan,TJK,1970,28586.94448
Tajikistan,TJK,1980,45431.76302
Tajikistan,TJK,1990,54982.00283
Tajikistan,TJK,2000,19769.64803
Tanzania,TZA,1850,330.688498
Tanzania,TZA,1860,333.467393
Tanzania,TZA,1870,364.30376199999995
Tanzania,TZA,1880,421.39511899999997
Tanzania,TZA,1890,488.067609
Tanzania,TZA,1900,560.333042
Tanzania,TZA,1910,595.0804320000001
Tanzania,TZA,1920,742.0709439999999
Tanzania,TZA,1930,924.054444
Tanzania,TZA,1940,1149.148506
Tanzania,TZA,1950,2880.1328919999996
Tanzania,TZA,1960,5393.637805
Tanzania,TZA,1970,9306.737342
Tanzania,TZA,1980,13553.63255
Tanzania,TZA,1990,18150.11899
Tanzania,TZA,2000,26832.48994
Thailand,THA,1850,1046.678797
Thailand,THA,1860,1101.214165
Thailand,THA,1870,1155.7495330000002
Thailand,THA,1880,1245.307613
Thailand,THA,1890,1334.865694
Thailand,THA,1900,1464.950057
Thailand,THA,1910,1496.7081600000001
Thailand,THA,1920,1571.315977
Thailand,THA,1930,1739.757241
Thailand,THA,1940,1869.029664
Thailand,THA,1950,7401.576724
Thailand,THA,1960,31238.14777
Thailand,THA,1970,111673.24949999999
Thailand,THA,1980,313505.2839
Thailand,THA,1990,688989.0379
Thailand,THA,2000,967205.1584
Togo,TGO,1850,57.451060999999996
Togo,TGO,1860,57.933842999999996
Togo,TGO,1870,65.882018
Togo,TGO,1880,82.947276
Togo,TGO,1890,101.622791
Togo,TGO,1900,127.279678
Togo,TGO,1910,120.118739
Togo,TGO,1920,132.432306
Togo,TGO,1930,144.86655100000002
Togo,TGO,1940,156.977201
Togo,TGO,1950,300.401573
Togo,TGO,1960,728.250541
Togo,TGO,1970,2049.4177449999997
Togo,TGO,1980,2035.2484350000002
Togo,TGO,1990,2986.9476760000002
Togo,TGO,2000,3371.491893
Trinidad and Tobago,TTO,1850,8
Trinidad and Tobago,TTO,1860,10.200000000000001
Trinidad and Tobago,TTO,1870,12.4
Trinidad and Tobago,TTO,1880,18.276619
Trinidad and Tobago,TTO,1890,39.433898
Trinidad and Tobago,TTO,1900,85.280168
Trinidad and Tobago,TTO,1910,213.19632099999998
Trinidad and Tobago,TTO,1920,279.57231
Trinidad and Tobago,TTO,1930,867.3600339999999
Trinidad and Tobago,TTO,1940,4011.9772070000004
Trinidad and Tobago,TTO,1950,5687.893453
Trinidad and Tobago,TTO,1960,10541.31808
Trinidad and Tobago,TTO,1970,15865.86988
Trinidad and Tobago,TTO,1980,20600.97703
Trinidad and Tobago,TTO,1990,17480.98723
Trinidad and Tobago,TTO,2000,14218.124899999999
Tunisia,TUN,1850,204.19693999999998
Tunisia,TUN,1860,218.109689
Tunisia,TUN,1870,232.82136400000002
Tunisia,TUN,1880,258.94572900000003
Tunisia,TUN,1890,285.160366
Tunisia,TUN,1900,311.01512399999996
Tunisia,TUN,1910,315.481742
Tunisia,TUN,1920,1031.024505
Tunisia,TUN,1930,6115.352728000001
Tunisia,TUN,1940,7526.578378
Tunisia,TUN,1950,15311.47758
Tunisia,TUN,1960,27090.80919
Tunisia,TUN,1970,55109.92319
Tunisia,TUN,1980,125597.3828
Tunisia,TUN,1990,160110.77180000002
Tunisia,TUN,2000,209937.85
Turkey,TUR,1850,4841.221883
Turkey,TUR,1860,5133.604299
Turkey,TUR,1870,6566.809033
Turkey,TUR,1880,6487.03417
Turkey,TUR,1890,21141.14385
Turkey,TUR,1900,41105.475660000004
Turkey,TUR,1910,71639.48318
Turkey,TUR,1920,26306.55118
Turkey,TUR,1930,70872.00595
Turkey,TUR,1940,138172.8288
Turkey,TUR,1950,148634.372
Turkey,TUR,1960,198529.9472
Turkey,TUR,1970,381882.4381
Turkey,TUR,1980,478000
Turkey,TUR,1990,1573214.027
Turkey,TUR,2000,1840068.483
Turkmenistan,TKM,1850,230.06818
Turkmenistan,TKM,1860,233.40159899999998
Turkmenistan,TKM,1870,272.38730300000003
Turkmenistan,TKM,1880,367.99623199999996
Turkmenistan,TKM,1890,661.575742
Turkmenistan,TKM,1900,1356.505962
Turkmenistan,TKM,1910,1336.8230839999999
Turkmenistan,TKM,1920,732.760858
Turkmenistan,TKM,1930,2236.821653
Turkmenistan,TKM,1940,5396.393414
Turkmenistan,TKM,1950,6692.0514969999995
Turkmenistan,TKM,1960,21387.87357
Turkmenistan,TKM,1970,53387.65634
Turkmenistan,TKM,1980,97710.86244
Turkmenistan,TKM,1990,117658.8894
Turkmenistan,TKM,2000,85003.08133999999
Ukraine,UKR,1850,5077.842893
Ukraine,UKR,1860,6672.87345
Ukraine,UKR,1870,12556.44519
Ukraine,UKR,1880,29773.025820000003
Ukraine,UKR,1890,50315.659400000004
Ukraine,UKR,1900,132255.35210000002
Ukraine,UKR,1910,183257.66340000002
Ukraine,UKR,1920,71218.78558
Ukraine,UKR,1930,246870.302
Ukraine,UKR,1940,867170.855
Ukraine,UKR,1950,1607326.1709999999
Ukraine,UKR,1960,2890801.5930000003
Ukraine,UKR,1970,3671564.1569999997
Ukraine,UKR,1980,4529707.001
Ukraine,UKR,1990,4121601.264
Ukraine,UKR,2000,1398505.723
United Arab Emirates,ARE,1850,6.918731
United Arab Emirates,ARE,1860,7.273538
United Arab Emirates,ARE,1870,7.347008000000001
United Arab Emirates,ARE,1880,7.42122
United Arab Emirates,ARE,1890,7.496181999999999
United Arab Emirates,ARE,1900,7.5719009999999995
United Arab Emirates,ARE,1910,6.502222000000001
United Arab Emirates,ARE,1920,5.774503
United Arab Emirates,ARE,1930,4.89339
United Arab Emirates,ARE,1940,3.839359
United Arab Emirates,ARE,1950,21.801769
United Arab Emirates,ARE,1960,1147.549967
United Arab Emirates,ARE,1970,12029.145209999999
United Arab Emirates,ARE,1980,85084.03303
United Arab Emirates,ARE,1990,167962.851
United Arab Emirates,ARE,2000,165509.589
United Kingdom,GBR,1850,915031.7082
United Kingdom,GBR,1860,1232559.1649999998
United Kingdom,GBR,1870,1636130.201
United Kingdom,GBR,1880,2105155.725
United Kingdom,GBR,1890,2565490.416
United Kingdom,GBR,1900,3101880.544
United Kingdom,GBR,1910,3588573.9899999998
United Kingdom,GBR,1920,3864024.525
United Kingdom,GBR,1930,3997400.158
United Kingdom,GBR,1940,4421698.931
United Kingdom,GBR,1950,4642935.067000001
United Kingdom,GBR,1960,5598128.096000001
United Kingdom,GBR,1970,6370164.0479999995
United Kingdom,GBR,1980,4775300
United Kingdom,GBR,1990,3709830
United Kingdom,GBR,2000,1196870
United States,USA,1850,306853.35730000003
United States,USA,1860,698509.9916000001
United States,USA,1870,1365403.4549999998
United States,USA,1880,2654379.204
United States,USA,1890,5331124.241
United States,USA,1900,9145982.517
United States,USA,1910,15800769.399999999
United States,USA,1920,19379058.17
United States,USA,1930,19423765.439999998
United States,USA,1940,18340498.14
United States,USA,1950,21215090.39
United States,USA,1960,21639276.57
United States,USA,1970,29827229.85
United States,USA,1980,23773458.53
United States,USA,1990,20986499.2
United States,USA,2000,14819300
Uruguay,URY,1850,28.124257
Uruguay,URY,1860,50.602357
Uruguay,URY,1870,73.080456
Uruguay,URY,1880,98.86102500000001
Uruguay,URY,1890,146.160912
Uruguay,URY,1900,180.729621
Uruguay,URY,1910,187.246879
Uruguay,URY,1920,216.86791499999998
Uruguay,URY,1930,235.763995
Uruguay,URY,1940,251.33140300000002
Uruguay,URY,1950,21050.61606
Uruguay,URY,1960,42148.9147
Uruguay,URY,1970,54504.7725
Uruguay,URY,1980,53689.03004
Uruguay,URY,1990,28819.95612
Uruguay,URY,2000,30364.02823
Uzbekistan,UZB,1850,1205.643525
Uzbekistan,UZB,1860,1246.8090249999998
Uzbekistan,UZB,1870,1569.6481259999998
Uzbekistan,UZB,1880,2195.412973
Uzbekistan,UZB,1890,2982.501808
Uzbekistan,UZB,1900,5502.71616
Uzbekistan,UZB,1910,6434.813445
Uzbekistan,UZB,1920,3242.5378189999997
Uzbekistan,UZB,1930,21925.79666
Uzbekistan,UZB,1940,100960.9735
Uzbekistan,UZB,1950,147528.24659999998
Uzbekistan,UZB,1960,429859.6787
Uzbekistan,UZB,1970,419463.3494
Uzbekistan,UZB,1980,426338.5624
Uzbekistan,UZB,1990,361404.422
Uzbekistan,UZB,2000,226588.8774
Venezuela,VEN,1850,4124.247002
Venezuela,VEN,1860,4172.482959
Venezuela,VEN,1870,6144.754211
Venezuela,VEN,1880,437.993624
Venezuela,VEN,1890,595.929558
Venezuela,VEN,1900,845.606275
Venezuela,VEN,1910,1418.689212
Venezuela,VEN,1920,1337.661786
Venezuela,VEN,1930,6352.519104999999
Venezuela,VEN,1940,34650.30378
Venezuela,VEN,1950,67255.28064
Venezuela,VEN,1960,375854.023
Venezuela,VEN,1970,354336.971
Venezuela,VEN,1980,332469.89530000003
Venezuela,VEN,1990,289641.2608
Venezuela,VEN,2000,299974.8437
Vietnam,VNM,1850,1538.948632
Vietnam,VNM,1860,1761.261577
Vietnam,VNM,1870,2036.9696460000002
Vietnam,VNM,1880,2338.4615599999997
Vietnam,VNM,1890,2731.655087
Vietnam,VNM,1900,6325.847386
Vietnam,VNM,1910,11674.73831
Vietnam,VNM,1920,14869.13844
Vietnam,VNM,1930,35516.92454
Vietnam,VNM,1940,50676.296469999994
Vietnam,VNM,1950,13498.02355
Vietnam,VNM,1960,42322.224910000004
Vietnam,VNM,1970,77060.60005000001
Vietnam,VNM,1980,94162.2867
Vietnam,VNM,1990,114619.553
Vietnam,VNM,2000,199860.0085
Yemen,YEM,1850,405.019641
Yemen,YEM,1860,413.285348
Yemen,YEM,1870,421.719743
Yemen,YEM,1880,439.95642699999996
Yemen,YEM,1890,455.127338
Yemen,YEM,1900,470.821384
Yemen,YEM,1910,407.861961
Yemen,YEM,1920,351.620707
Yemen,YEM,1930,285.959237
Yemen,YEM,1940,209.123573
Yemen,YEM,1950,230.009012
Yemen,YEM,1960,6830.124971
Yemen,YEM,1970,5240.100208000001
Yemen,YEM,1980,9471.909696
Yemen,YEM,1990,18276.091610000003
Yemen,YEM,2000,337635.2262
Zambia,ZMB,1850,369.229081
Zambia,ZMB,1860,372.33184600000004
Zambia,ZMB,1870,379.930455
Zambia,ZMB,1880,387.684138
Zambia,ZMB,1890,395.596059
Zambia,ZMB,1900,403.669448
Zambia,ZMB,1910,389.69288800000004
Zambia,ZMB,1920,440.97381
Zambia,ZMB,1930,32280.851609999998
Zambia,ZMB,1940,578983.0822000001
Zambia,ZMB,1950,556988.2495
Zambia,ZMB,1960,1235841.012
Zambia,ZMB,1970,1541687.155
Zambia,ZMB,1980,1360750.751
Zambia,ZMB,1990,605204.0443
Zambia,ZMB,2000,320136.3065
Zimbabwe,ZWE,1850,159.877679
Zimbabwe,ZWE,1860,188.918642
Zimbabwe,ZWE,1870,223.278703
Zimbabwe,ZWE,1880,263.940163
Zimbabwe,ZWE,1890,312.068203
Zimbabwe,ZWE,1900,369.045185
Zimbabwe,ZWE,1910,4698.754989
Zimbabwe,ZWE,1920,14229.51104
Zimbabwe,ZWE,1930,25185.25513
Zimbabwe,ZWE,1940,34498.22549999999
Zimbabwe,ZWE,1950,62570.15395
Zimbabwe,ZWE,1960,96259.54172000001
Zimbabwe,ZWE,1970,101440.8431
Zimbabwe,ZWE,1980,136197.0625
Zimbabwe,ZWE,1990,186839.61719999998
Zimbabwe,ZWE,2000,112018.33600000001