Energy Balance Model.Heat Capacity of Land & Ocean Surface,Energy Balance Model.Heat Capacity of Thermocline Ocean,Energy Balance Model.Heat Capacity of Deep Ocean,CO2 Forcing.Atmospheric CO2 Concentration 1750,Energy Balance Model.Deep Ocean Heat Uptake Efficacy Factor,Energy Balance Model.Heat Transfer Coefficient between Land & Ocean Surface and Space,Energy Balance Model.Heat Transfer Coefficient between Surface and Thermocline Ocean,Energy Balance Model.Heat Transfer Coefficient between Thermocline Ocean and Deep Ocean,Aerosol Forcing.Scaling Aerosol Cloud Interactions Effective Radiative Forcing scaling factor,Aerosol Forcing.Logarithmic Aerosol Cloud Interactions Effective Radiative Forcing scaling factor,Aerosol Forcing.Effective Radiative Forcing from Aerosol Radiation Interactions per unit SO2 Emissions,CO2 Forcing.Effect of atmospheric CO2 on CO2 lifetime parameter,CO2 Forcing.Effect of temperature on CO2 lifetime parameter,CO2 Forcing.Effect of CO2 uptake on CO2 lifetime parameter,CO2 Forcing.Baseline CO2 lifetime parameter,CH4 Forcing.Calibration scaling of CH4 forcing,N2O Forcing.Calibration scaling of N2O forcing,Minor GHGs Forcing.Calibration scaling of Minor GHG forcing,Stratospheric Water Vapour Forcing.Calibration scaling of Stratospheric H2O forcing,BC on Snow Forcing.Calibration scaling of Black Carbon on Snow forcing,Land Use Forcing.Calibration scaling of Albedo forcing,Land Use Forcing.Calibration scaling of Irrigation forcing,Natural Forcing.Calibration scaling of Volcano forcing,CO2 Forcing.Calibration scaling of CO2 forcing,Natural Forcing.Amplitude of Effective Radiative Forcing from Solar Output Variations,Natural Forcing.Linear trend in Effective Radiative Forcing from Solar Output Variations,Ozone Forcing.Ozone forcing per unit CH4 concentration change,Ozone Forcing.Ozone forcing per unit N2O concentration change,Ozone Forcing.Ozone forcing per unit Montreal gases equivalent effective stratospheric chlorine concentration change,Ozone Forcing.Ozone forcing per unit CO emissions change,Ozone Forcing.Ozone forcing per unit VOC emissions change,Ozone Forcing.Ozone forcing per unit NOx emissions change,Energy Balance Model.Initial Land & Ocean Surface Temperature,Energy Balance Model.Initial Thermocline Ocean Temperature,Energy Balance Model.Initial Deep Ocean Temperature,CO2 Forcing.Initial CO2 in box 1,CO2 Forcing.Initial CO2 in box 2,CO2 Forcing.Initial CO2 in box 3,CO2 Forcing.Initial CO2 in box 4,CH4 Forcing.Initial CH4 in atmosphere,Energy Balance Model.Surface Temperature 1850 to 1900 offset relative to 1750
5.839656314107724,12.125684413007448,18.75632550666292,276.76643260042147,1.930277110281104,1.091199979309882,3.125389197344361,1.359997345400089,-0.468967483188664,0.0297307171575657,-0.0030664471151447,0.0029321999224929,3.413686549858346,-0.0014362764969146,36.69370332942043,1.2254513722437348,0.8969062811184005,1.1631646901446648,1.2502138091525077,0.9608052700794734,1.353252376534444,1.8230722305781,1.2085482958469878,0.8552727886752071,1.0774739407693907,0.0056641820188318,0.0002106466614547,0.001213016046615,-7.247278386448904e-05,0.0001100162007016,0.0002141636076241,0.0009371496189542,0.465973938743,0.33755596658,0.256133014881,245318.883953,175139.590539,62240.3660543,9036.73701175,2246.04028741,0.03760676484484862
3.491342737695711,23.14967760816436,86.6168681771434,277.9393859102874,1.0600408931827694,1.8349193950603024,1.7237209506019415,0.7800213371129453,-0.4657861751478122,0.0295523598151063,-0.0025939635021418,0.001234784663017,1.303862595856888,0.003851803890738,34.32537129569056,1.0350210992371467,0.7901146769616268,0.9476360242127458,1.1745557470482,1.0085017884665446,0.6751289382480743,1.550988571298449,0.8955287231052299,1.198828820002248,1.1471464809147605,-0.023934629123273,0.0002467859419955,0.0012940803234603,-2.784592943353548e-05,0.0001008365356104,-0.0003300805085431,0.0010300737156879,0.506972355148,0.272897848521,0.0815849919547,245318.87783,168866.321978,58780.6366825,8489.81755935,2243.53722386,0.029607181385079614
2.993771910214285,4.6286600580120485,88.56842970140991,278.3995188237827,1.6616842560498224,1.2361754701872316,4.353050542132712,1.042754573143828,-0.2983348311324513,0.037349048880654,-0.0009150385894445,0.0035335863060706,-0.9201357028732952,-0.0010162007731569,38.781209159148,0.8318916456275776,0.9953541440224252,1.056156643306713,1.0074914059023203,0.7438728636077094,2.028499723064889,1.9203873803867275,1.098538572317972,0.9522155415919612,0.6517194649170459,-0.0736505284535123,0.0002665805136074,0.0013387910659635,-0.0002255565205489,7.525525803688028e-05,-0.0001710352520472,0.0013530447883258,0.468333456337,0.348213604671,0.0963515909429,245318.889475,181602.846318,66971.0154729,9688.88092212,2246.78945821,0.02368635564140569
4.567381603952229,7.206532135590356,32.811251024624525,275.9362086316243,1.7885205560479136,1.0173722693464011,3.775890864695605,1.432683712587547,-10.445277055324658,0.0006677722673144,-0.0021522008978729,-0.0017640251644312,2.876906343527017,0.0104023656280076,30.014962683587484,0.9588961546462598,1.0065591658805553,1.0996911586850155,1.7224842159540028,1.0035576301821425,0.9993844191494924,1.322861347274858,0.9077895969244412,1.038056997829114,0.7349445995639553,-0.0047766829354538,0.0001533395687933,0.0011120865340213,-4.486693291018136e-05,2.9864436682187884e-05,-9.535573473096027e-05,0.0004277129742925,0.429120819834,0.332504518646,0.23406506461,245318.865522,158902.836336,54191.0618697,7897.16827878,2247.46951615,0.02860334879436059
4.897659771920405,16.29925397158846,38.20081309038012,277.0176914746766,1.760776896916914,0.6822054101667197,3.300894259997122,1.337507000033767,-0.9739073674355562,0.0154611157242198,-0.0052397386150145,0.0030126534598486,-1.428458094809669,0.0070773241009943,32.827560944902714,1.0425151753061168,0.919179059560536,0.94046550081796,1.1267124378540072,0.802508715684102,0.6468486421511781,0.7449244297798263,0.7181775079637029,1.0490371788342987,1.4316637863830255,0.0111635994473984,0.0002430826944222,0.0008824260776011,-2.0541395142351787e-05,0.000195302224156,0.0002557377058582,0.0004729646327503,0.311041065325,0.208787333162,0.150368371849,245318.875121,167014.602618,59589.6895451,8753.40517218,2256.92140494,0.04159115103536843
5.338605147505174,9.472201314976669,59.7235532108008,275.75449843684527,1.4829659006156055,1.7315760060890453,0.9184152191012488,0.668965890276766,-1.081350662903453,0.0208414609215996,-0.0011883370791757,3.661512473104758e-05,4.775823462520099,0.0033428247747628,34.139409346512274,1.2629352611173892,0.8061788637497476,1.0778587256451364,0.814264834464052,0.8522389294349996,0.9237192818373416,-1.3068484048416398,1.0686959957085995,1.0553393276599288,0.9949084313846244,0.0059448190829838,0.0002972527469423,0.0011983216981922,-0.0001411835882859,0.0003203309760059,5.428005980256342e-05,0.0002249036408836,0.368988809845,0.161164391626,0.060351598484,245318.877194,168129.810993,57861.0047452,8431.21272882,2254.64884442,0.03413789248402451
3.07388662974544,13.94430714842978,88.06604658044736,281.8547114402562,1.6228640953092863,1.5009768392010088,2.925567723781374,1.3799159787846278,-2.840380384292829,0.0023148124702232,-0.0010060005851569,0.00445800123174,0.6938165484373424,0.0044080672701349,30.63363487169132,0.9202278472808582,0.9945290185599758,0.8745860522800369,2.120580644279503,1.0240851235441335,0.8277340676490511,0.5719438541109406,0.9017592357323536,0.9883895259202826,1.386763306440621,-0.0034851064597377,0.0002377979352598,0.0013125396997855,3.690061523224532e-05,3.964297536751325e-05,0.0001639533884379,0.000662265614959,0.491506390087,0.295960732042,0.129058210998,245318.863113,155516.462228,50309.5163819,7077.91579141,2243.89097123,0.030660701639021563
2.7980613795540124,13.135418645336763,47.47551893416736,277.98445687308487,1.502517605436355,1.3756588219468873,4.357473503288195,0.9786986449534194,-0.953423364017874,0.0071527664688731,-0.000802236551361,0.0006140493049975,3.797525531523151,0.0038171833495458,32.54885536924645,0.9627057575369578,0.8811048109482972,1.0841146270053472,1.7135406626991314,1.0621634710553345,0.986282486225521,1.7722683301121915,1.1779788187892228,0.9227144675036424,0.4791210407540306,-0.0673326086864586,0.0001920130504116,0.0009405892611934,-1.4265145401816563e-05,0.0001667287508193,0.0002575299863296,0.0003052426649066,0.513813115885,0.392032967484,0.187635346637,245318.871586,162981.431787,54950.0977676,7914.85003238,2242.18473718,0.023284395435175298
3.023012649987445,6.074835989880995,65.40352552860611,278.3764778445165,1.256439604904327,0.98930167058592,3.912279411154831,1.0045405502261977,-2.569606097946942,0.0060508758227946,-0.0008640588479148,0.004979501348458,-1.4205984583300983,0.0023933464478789,35.14962318778138,0.7835633379935214,0.9999035993916116,1.1710903421318866,2.2853387368199405,0.8686565879711955,-0.022291796986132,1.080573615836819,0.6967166583155197,1.0043721853342742,0.8867514059010232,-0.0398584132524053,0.0002436267742301,0.0014609201351192,-2.8163179636376176e-05,0.0001029787972394,1.5173360907417731e-05,0.001017789434336,0.347545223862,0.266871964248,0.122259475812,245318.880738,172014.498861,61565.8485316,8944.35971031,2255.61508213,0.033388526222466665
2.539958877413551,10.585464984214951,44.917348093078814,275.69365659309625,1.0574359582757422,1.523620478052781,2.274089798946909,0.3170358135899053,-0.9960444111334836,0.0197076622771924,-0.0030110270407649,-0.0023268777924643,5.9659314760393904,0.0076936018922566,31.630927113124034,0.947493133820854,0.8732039026381693,0.8840471917667911,1.7493413152980195,1.2071350610056064,1.2548259803477158,1.2365771816048277,0.9635024079250974,1.1057295276538242,1.1284116133172426,-0.0230399039485748,0.0002648916979879,0.0013543351885085,-4.880998715350936e-05,0.0001550823398747,8.827018912965063e-05,0.0021676292340815,0.342761898531,0.224688719846,0.0489507562761,245318.869403,161414.080385,54753.9938087,8067.2764398,2257.8361756,0.036981714495602745
5.469601749428029,26.499532367690744,109.39300540123271,280.2440652739855,1.3875744107078074,1.7648906802237831,1.5232960235406905,1.3981086993192209,-1.3685735436273083,0.0073228209364475,-0.0035862167797345,0.0018395143400023,4.800691095497243,0.0017694356184446,32.38489624127999,1.1675304376421496,1.0538701016160066,1.0466713126831466,1.690136218658273,1.990104868869242,1.2746568416842172,-0.7723012675017834,1.0336983785198142,1.0105609684521657,0.9268708573420184,0.013704443638246,0.0001698128199252,0.001268376143657,2.5136646088294083e-05,0.0002184406993019,-0.0003012731950276,0.0020344959807262,0.406878260088,0.161789609191,0.0640896392616,245318.868748,159655.704274,51568.352899,7292.34072934,2251.00001429,0.026549871953190002
4.909251372789038,15.278107245335809,82.71234968239435,279.2359726097876,1.4521472112172344,1.851502760757287,2.26909212902439,0.7917136400052095,-0.1629314211070134,0.0275735730171182,-0.0005391147740284,0.0039722159176927,2.8000979302967,-0.001398400066116,35.46235704783669,0.9567573588238898,1.063912375569724,1.1685253242900286,0.5315620964110579,-0.5159700203039754,1.589308893578959,1.1894463967111146,0.983390135362324,1.071738119944755,0.7327796820454595,-0.0126752837097228,0.0002039530740496,0.0010556049517689,-0.0001467854191831,0.0001518430212495,-0.0001462028004837,0.0004640765866828,0.569828324123,0.356212548599,0.10762773776,245318.880068,170802.486734,59185.7519214,8502.03277607,2237.36095054,0.022430330887407646
6.016208002525537,18.59198007431932,140.85818551440664,278.95802295029284,1.3868813513859986,1.7905649447726524,2.268273278134921,1.4671587062723204,-1.8011353189539925,0.0039610787151497,-0.0012639832003085,0.0021085090267771,2.619678212835648,0.0029261053617332,33.05307333291066,1.1976080564145353,0.9005052219602168,1.0185491044350303,0.4757852381200005,1.3724105240253082,0.6804993493350766,1.3366943726246798,1.1937635895480865,1.0358541717589955,1.1868197367289286,0.0209730374733589,0.0002859074375857,0.0014031967300604,-0.0001192233465115,0.0001060421270858,0.0003760667933294,0.0015203937471493,0.520199753617,0.27692809429,0.0988829955777,245318.873285,164381.780819,55556.3925131,7948.94212692,2240.49893286,0.030597893254545292
2.384102169491525,4.042596523431326,95.77939122390045,277.72627555378887,1.0181460636656638,1.4838930726367512,3.1200079338949376,0.6919014017628136,-2.077286386949637,0.005355140371007,-0.0018760291537103,9.888513036486186e-05,3.687461804732868,0.0034393396834719,33.84790796174539,1.1544120526021624,0.96939694404762,1.0013813595494725,0.9489637443577636,0.219296802862035,1.334787696060725,0.6919295285732338,1.1813960765998557,1.0700913989049643,1.2487762801741529,-0.0278120826540402,0.0002007188013336,0.0010873104593292,-0.0001489298413108,6.338580376227676e-05,-0.0001668129896149,0.0019289396831523,0.395611281036,0.307692535973,0.077408955273,245318.875679,166484.450342,56273.8571387,8100.05129576,2252.91246004,0.040852790494448635
4.648144889873507,15.5048728437668,43.79187965701182,277.6518386878629,1.6752765136785472,1.347627580299832,2.5425966299034446,0.7605344974935779,-0.5631746884808546,0.0216242814671392,-0.0025552610825273,-0.0010498068181971,4.155715242971761,0.0062816499301193,31.39786044049599,1.0129240325048394,1.2496546493556877,0.9639188445900498,0.3340234333678175,0.998319684509938,0.8151194437257753,1.6253770373481868,1.129986419163418,1.0225748776143777,0.8564171966500213,0.0429877443779627,0.0002371034135323,0.0012018197321753,-6.992537383563215e-05,0.0002064045199533,-6.443763509980419e-05,0.0016903811358901,0.544511420735,0.35568301314,0.163975663331,245318.868754,160902.193392,54402.0353675,7893.85323189,2240.20199272,0.033511117920720195
3.703366298748272,17.483328120708407,150.06239703203445,280.35065041015093,1.1669108141626687,2.5841873636083648,4.674271567716268,0.6928209988725261,-0.0063288739434499,0.0077711294251164,-2.207228021432541e-05,0.001750767361236,1.8936587660081468,0.0018202325921818,34.477339059645395,0.95625694260741,0.971833127787048,1.1731311005262124,2.767619855235561,1.2383992874056196,0.59993616141365,0.9198999153157678,0.8341979405953814,0.8697948050475137,0.6912413760116045,-0.0123316439223385,0.0002564129876549,0.0007474691678305,-5.588152482913106e-05,0.0002578274277132,-0.0002491520336739,0.0005889574180613,0.601524993878,0.477700803026,0.0838222962633,245318.877276,168005.550928,57490.8384154,8198.44111198,2233.55699342,0.01702733384406039
5.238470471162872,7.035738303845701,34.017328333389955,276.72301479740617,1.541272119523272,0.8563027260411771,2.6178992764887155,0.8969025378222306,-3.16496915593746,0.0063525201819957,-0.000577652510399,0.0033764110475215,0.6800777432719276,0.001066682864344,36.52081334149453,1.1450220050408904,1.1217547664303626,0.8969738601548354,0.5265088827670239,1.8137891030273203,0.9117915400849044,1.4532392053712642,0.9101636021795424,0.9770847242069644,0.5416593994058534,0.0087948849236418,0.0002110388760722,0.000983283328836,0.0001343448287347,0.0001704788486038,9.405870745595952e-05,0.0021798776028212,0.288817786915,0.195140779097,0.112930833872,245318.884399,175818.84572,63478.3224969,9265.16277599,2261.24841819,0.03369682361168359
3.473316516956445,46.48134290841597,51.887793676928325,277.8980836401461,0.8015597800308093,2.231758285412909,2.125770647026942,0.7184299032290726,-2.7281745485695894,0.0019020260839486,-0.0012736026744051,-0.0012645744258807,1.081451609141642,0.0110219574012582,29.54205693917835,0.97186280378672,1.1012602421211035,1.0580336012580596,2.6446361975996964,0.5897230628051238,0.7154384421580223,0.8786244574781501,0.9285003371930504,1.0966583983416334,0.8505514012933644,0.0216290664075153,0.0002317512734001,0.0019435368369172,-1.658716001539872e-05,0.0002325743036277,-9.987799516799196e-05,0.0001989665798592,0.506704310151,0.295472254368,0.12716629352,245318.862822,156594.460331,52764.0074804,7610.00656631,2241.52316697,0.022217038315997636
4.4386038095813385,28.348850092613937,49.38773632065918,277.3791176117567,1.144229613275049,1.6240313157592907,3.1776438350909264,1.1831885940139466,-0.4187862995577635,0.0324925734778406,-0.0020659720662389,0.0036880647829726,1.455061529076331,-0.0034884235085391,39.38323965087214,0.8579854577347237,1.0401418794649795,0.8898115971871465,0.1610775126463323,1.975386731873696,1.3370487993122293,1.4105159679873935,1.0983462864691966,1.009341700840432,0.9143708061730028,0.0430562727610448,0.0002099788112426,0.0014173129272472,-7.879887901863231e-05,0.0001828846485091,-0.0001380469748536,0.0006541765676292,0.435254959015,0.284289582259,0.154420382706,245318.890578,182938.289857,67732.2665668,9841.8654621,2247.45949157,0.027119397652685687
4.139415366578776,6.8895775588817045,84.20131499917096,278.758759883762,1.4351184342848975,1.376571005006816,3.325947715758097,1.052645861279347,-0.8734726914988455,0.0206084711948365,-0.0013172304820196,0.004394040388833,2.051054435901825,-0.0027518169287489,36.88352049213246,1.2626828359641764,0.9286930943186696,1.0934722747242007,1.2552219785006546,1.306239389336191,1.3798894710381648,0.4668564318975082,0.8231586109971389,1.0458776484647785,0.6824439916241072,0.0140596608074485,0.000309047123975,0.0013886714449605,4.629134635784882e-05,0.0001501498112486,7.942273055161657e-05,0.0023890806950985,0.575914165292,0.406387252605,0.131458079865,245318.883563,174389.378511,61175.9146293,8798.59871113,2239.84431033,0.02576817631066235
2.403371978867131,43.19407285290781,76.63201030015168,278.56351183016494,0.6890020593670717,1.243679147211975,1.7100836628567315,0.4698511312065705,-0.3630107733681496,0.0140978935336238,-0.0026506590181664,0.0011321289329135,2.6114769183806565,0.0040866093327544,32.807036891788826,0.8677603071515412,0.9106239074921668,0.965148764945267,0.770628822775951,-0.372819754204406,1.092290364404126,1.7999300283976918,0.9345111520253624,0.9366736032590586,0.6178847424846459,-0.0618074298079092,0.0002248479174243,0.0018018700249457,-0.0001033777039435,9.713077415281706e-05,0.0003438923415676,0.000695520413152,0.519223092823,0.278405235857,0.0572174545907,245318.87253,163805.143165,55496.2455657,7978.0515709,2242.00083469,0.025605642473163926
3.525791863709125,8.414841866046718,24.6375484562203,278.3460788587216,1.6226399987172315,1.6764794596148482,2.874811535773258,0.6688657770356019,-1.334029986457913,0.0099038146957429,-0.0032273161508646,0.0039919064044621,1.4373157295585697,-0.0007322604721925,36.40469593597579,1.0875115514766904,1.0640623731942598,1.019773514050346,0.7351220206209177,0.4973592513244411,0.6154292883225407,1.022414990594051,1.0723114495729675,1.1399530751606253,1.0014420997133051,0.0047518564287794,0.000241311815808,0.0020616808508678,-0.0001503508437993,3.747384386149514e-06,-5.603725383299033e-06,0.0009879436259816,0.335076111579,0.253695014625,0.163642231154,245318.882917,173805.269684,60912.0592529,8736.32223265,2255.21219583,0.033517293189096665
4.04834045047182,7.051739531854037,83.69056679561554,278.0750346056761,1.5129630867195538,1.4193912643615894,2.839685101734999,0.9041679676682058,-0.2360091438049298,0.0109201651026198,-0.0044869797611824,-0.0008568400716034,2.0794107939113644,0.0072949702713983,32.30610896642176,0.8982036358104097,1.0137995974800214,0.947404283729472,0.8871079158769687,0.7166331959502412,1.0867939369782451,1.949941467489956,0.6836360006369367,0.9845716104648872,0.8360847570882208,0.0430137762375846,0.0002428018646337,0.0013802158912646,-4.3801562837993615e-05,0.0001944005215297,-0.0003376517376809,-7.592186581826155e-05,0.484657545212,0.340676672336,0.124559317366,245318.872474,164178.151617,56501.0497306,8183.48022237,2243.43102356,0.02673045219612588
3.0916598074341817,23.107716739846136,43.7552244276214,277.589153315447,1.4699100647826486,0.7687772340612292,2.778046886298386,1.2192361743337958,-0.8410902370526384,0.0240800334317573,-0.0024677082335322,0.0007265269229943,3.304075523620487,0.0035865358540204,33.614534332027105,1.161621524499637,1.025323287649209,0.767782888337399,0.9410425846166556,-0.460337673774353,1.2715275379659834,-1.0696698101844928,0.6798193185847069,1.0283070617168024,1.0440316179171774,0.0240305116978118,0.0002091121622144,0.0014722577573311,-2.8836753051642155e-05,4.29424166714423e-05,-0.0002058870907699,0.0009935794636969,0.31702374244,0.17607496755,0.100979744873,245318.874334,165084.674743,55539.9304054,7950.93055752,2258.41914603,0.03341346803514764
4.323227039700621,29.37740954121537,82.13762245996281,279.42987404715586,0.9652163423704556,1.0910703888811286,1.5997488243920317,0.5040711697320348,-2.8847667661648657,0.0032979534120108,-0.0029905064066083,0.0027508932411078,1.2680903932460834,0.0043679776433461,31.929797765648544,0.9863055630303712,0.9352572242968472,0.9111327762052356,1.3503045896819037,2.043717907183176,1.7254293683158757,1.0619239093582038,1.0272102391831497,1.0571726452952943,1.3815833342404236,0.0185913543484534,0.000228425363922,0.0011600208855641,-3.222759608346116e-05,0.0001836156633059,-0.0001223624741192,0.0014809514688203,0.448258408039,0.245929717513,0.0611146172262,245318.868748,160232.795565,52969.6771075,7513.24757308,2247.68444746,0.044336239135641956
5.555498249173429,9.618564675659776,82.46249714620858,277.3610581427716,1.517895622837051,1.1365006477939723,3.154114940821585,0.8817534655980309,-0.6856471194830239,0.0333671332118613,-0.0022829689680848,0.0036303821799109,1.285587750757067,0.0036624279704912,33.21156589790824,0.9597026538236926,0.8189914165626277,0.925960064123406,0.5496425185520429,0.3935544708419778,1.2271617013184308,2.0655688974526987,1.1587891810673177,1.0001061093311132,0.864982262925956,-0.0267404017816437,0.0001757971814131,0.0016990582308051,5.639375028198303e-05,0.0002895461786517,0.0002096671451856,0.0017964174745151,0.329229642975,0.202953117696,0.043153628022,245318.874181,165420.022416,56922.6850052,8240.68262529,2259.2108201,0.03216466867975588
4.547748149611444,6.917528066587686,37.90589846913944,276.40672012450864,2.0730472219762484,1.0590341651408122,4.18295727146046,1.6918582390273285,-0.6210757164501182,0.0205180163973108,-0.0037754971488533,0.0055881858781002,0.4925773929810508,-0.00621833826081,41.28534986456091,1.3123993160283112,0.954124921276234,0.9981305656875666,0.3670832333199595,1.3394475115779534,1.4899872235862928,1.5884384436653534,1.0042518932175213,0.8942132679374326,1.515958443178098,0.0158166188464115,0.0001815375811955,0.0017134503276132,-3.08841801972501e-05,9.35088437772887e-05,0.000157895835871,0.0008792828413317,0.401581827616,0.288455923318,0.188251733088,245318.894837,188618.498805,72549.5660382,10633.616493,2250.96336183,0.03739713292056353
3.4010148903450075,20.48390906221824,74.53048835189222,278.04784883684334,1.179972481451398,1.437357670368692,3.2599188180227934,0.7255601271196996,-1.0556603787136944,0.0106328684100259,-0.0014046358616788,0.0008294058062931,1.5714089122860284,0.0064409863081573,31.82447318639573,0.8707702769898815,0.9720359415149428,1.091891619257719,0.9627829348739544,0.7187187218090461,0.7133602234943931,1.4209909746305098,0.9622741730207316,0.9799243557334466,1.4516330184970363,0.0028949440747261,0.0002533057755543,0.0021210866386238,-5.124252978708936e-05,0.0001260229431937,0.0001113351057717,0.0017386309805522,0.486517510037,0.331494027684,0.10633711093,245318.869837,161658.127842,54719.2555068,7867.71475153,2244.46294882,0.03620705825182578
4.876208193578309,25.879767971039293,162.76194829075163,279.13258384127147,0.5194530140508442,1.8833846982935856,1.583015257192079,0.8255484721922131,-2.769605082144904,0.0022109046730484,-0.0024719982917822,0.0036680305388,0.5505758937814194,0.0007725644693081,35.638898672272425,1.0103685831429,0.8673994814919013,1.052601558415903,1.8769479826074649,0.6963501017488822,1.2650910459788978,2.090627501352363,1.1517712254015782,0.9413839106639704,1.2839359088055953,-0.0131296469804519,0.0002102269625275,0.0011990633000723,-0.0001286943687219,0.0001446120150797,-9.244350411226502e-05,0.0012507020871874,0.384532872444,0.224379862888,0.0475853695445,245318.88085,171652.737661,59807.0219519,8561.9796024,2251.02144317,0.03263842770777334
4.053417189019541,12.164894228445489,56.322473903526586,277.713129129974,1.403276304112593,1.2181252560794271,2.583538263802686,0.9519692615508096,-0.329101056412389,0.0389864094123911,-0.0025249385283247,-0.0021954345543656,5.877596641761489,0.0096211774621021,28.21733472646134,0.8752639613566646,1.0909980987226084,0.9363735668347082,1.3172960392545732,-0.533051862779099,2.012931400374115,-1.0121817798546258,0.9443904400493917,1.006250784997455,0.8164660033293685,-0.0190572617607079,0.000227141025539,0.0010231124162082,-5.496345068472637e-05,6.390839954295948e-05,0.000128206700356,0.0004014226879087,0.394462547122,0.242823486825,0.0904634579227,245318.85468,150345.537964,48742.5534804,7049.71546967,2252.89249275,0.02629648716543804
4.135970821722124,28.529444700240504,123.59087897610524,280.3643859307137,1.2239552311458737,1.7968274263038828,1.257661354203144,1.221055184670886,-0.9988522102850412,0.0084088877475552,-0.0021864981206226,0.0015566567800572,1.7691010047198574,0.0022657027398533,34.15938619352957,0.9763640392173816,1.1042831995042277,0.940641114568998,0.3392495890434737,2.496352050645409,0.5209698446809892,-0.2042217684846312,0.9488446619361196,0.9422033613009216,0.8963154945592361,-0.0057724677647568,0.0002585316492271,0.0012255994649678,-8.045301293213398e-05,0.0001167300684117,-0.0002531825911273,0.0008832217083461,0.45912215006,0.181554120296,0.0624692711738,245318.875613,166134.837272,55720.7139723,7881.62700791,2246.08356519,0.026947043544353767
3.1818423294699523,10.48042065372991,70.52523711632823,278.8192149412438,1.773888268341708,0.8245640646283401,4.8448408529982245,1.1627889658177777,-36.94467608463022,0.0001616251088609,-0.0042565836364189,0.0044619610573088,0.6102417810892964,0.0029471281185723,33.23656039509364,0.8973228115051899,1.0752266929567464,0.8287970813613361,-0.4477701802098417,0.4439182791262319,1.2668815654478742,1.8188689083929617,0.8167454247497216,1.0069063574302126,0.526963663531914,-0.0221602909364379,0.0002130067265714,0.001267007117477,5.147763548207893e-05,0.0001330839852771,-6.027281072864425e-05,0.0016037644227039,0.326864900295,0.239202373841,0.11082878903,245318.873928,165026.787111,56294.4000567,8071.70093138,2255.82799537,0.023036758196589804
3.0925532320267006,12.999365381391714,36.072443056699306,279.8652549114626,1.6309032395020235,1.179475894673248,3.6559820634183553,1.191347197413502,-1.9318140838328235,0.0107445842647311,-0.0002946557824314,0.0035019443250166,2.7177713290261294,-0.0020302524306105,36.5585362711814,0.9450707385649229,0.9663175801919578,1.0673373164741735,0.9178876599296876,1.4918775940125846,1.7141733078676342,1.1496121759083429,0.9892705752628088,1.0991524928732863,1.0410824833312886,0.0457763473011871,0.0002164366381244,0.0017343905863449,-2.770808094440063e-05,0.0001239386831886,0.0002263031246825,0.0015585285989002,0.272469964725,0.17613073086,0.100196996454,245318.881556,171803.835916,58214.0844235,8228.11759387,2262.10689247,0.0337414201456949
4.907420507002592,35.18493530040007,37.43088767611219,276.3594365178874,1.782475869323893,1.3375159308580549,2.9597594114376795,1.2748078708612478,-0.3605538831603623,0.0262636382786738,-0.0019969425642037,0.0011443234674675,3.735074289303122,0.004098449911274,33.27344701816916,0.9199138746338976,0.965164558590456,0.9579583935700136,0.1173890465442749,0.8154944313419176,0.3259757547424886,1.2459265363218348,0.926207787446148,0.9851253614293496,1.255967787808967,0.0076152432467324,0.0001864522514173,0.0012100405938538,-9.429999044442606e-05,3.798749181772779e-05,0.0001511288845393,0.0007516831585091,0.501436649328,0.302924030612,0.192810622912,245318.875863,167456.55188,58925.2174036,8644.74105388,2242.11230681,0.02993401727417196
3.499252906021101,6.029509235339872,65.54849732869687,279.03079273972315,1.4025610666046933,0.7692960310149326,1.9069105881792343,0.9783740404845528,-1.2949541070610375,0.0176167295458564,-0.0019141954437206,0.0003776776706048,2.912254881552221,0.0039033484366266,33.55520065029074,0.8502916538828829,1.061085776358755,0.9722340303470212,1.1307989290294798,0.5340977553885244,0.5772458982241416,0.9823683076561232,0.8982957779311788,1.112214333339737,1.007389728219032,-0.067478888880364,0.0002397758252484,0.0012174308039174,-5.943786541288273e-05,0.000164207015485,-0.0002859251929592,0.0012508840683934,0.22497016967,0.107713637059,0.0310710285568,245318.873104,163616.642168,53925.5061632,7674.55676577,2268.55816358,0.043048628690331374
4.647176030482437,26.763820575956096,82.41373097217209,279.8408280168576,0.950899221340717,1.1312887389169446,1.1276528890540196,0.7824046355998676,-2.287790984193901,0.0085956175225376,-0.000745090587579,-0.0002819886446215,4.965325435583232,0.0047974723653623,31.61796999354044,0.7795591104265955,0.9933778449982644,1.218545346339199,1.2564169893582362,0.7418469557992312,1.3545723445159965,1.4300760550251437,0.8884315302807174,1.2120481487228023,0.9360037178864714,0.0538814423944364,0.0002213107969734,0.0014297179745837,-0.0001093155192904,1.4682975458140007e-05,9.294579102100274e-05,0.0016658513467314,0.200525453199,0.0655363694875,0.0310126210368,245318.865141,156218.617463,48871.502476,6867.82417312,2268.2597172,0.03867233621710437
4.166690248757108,21.138009387234355,57.564239972039616,276.95144368420046,1.1910305393779042,1.8165063262209244,2.213351982220619,0.6647098053305275,-1.7546839371969034,0.0084588269058875,-0.0032251595293046,0.0046391751933202,-0.0805082665689522,0.0014637111336151,35.62436160175527,1.1394940525176964,1.1042253186328268,1.0959113053754677,0.2790284645166497,1.30352367739637,0.775176659167653,1.208868620161056,1.0701155080300706,1.0657071913988951,1.0768655605938773,0.0243002372317893,0.0002307955519084,0.0016837135630977,-6.800014495981069e-05,0.0002085227322974,-0.0001129873587041,0.0025811412641161,0.334124141203,0.197362334298,0.0826550780627,245318.882089,173380.530034,62191.6105879,9066.87239403,2255.94981964,0.03135461390454706
4.015472439028198,24.26890263773473,104.052406093546,279.01991083020766,1.4895268004645852,1.0935014082337395,3.812587735321929,0.9814606149598326,-0.4581652097204431,0.0265379798581931,-0.004368761927065,0.0012373090950674,3.504806070647151,0.0027396256514516,33.387202503005255,0.9340642562504377,1.14520676284098,1.0064770158838146,-0.0599813274641403,0.9172203176601652,0.6671973709019849,0.9799950679875143,0.9042324800276412,0.8734346962686247,0.9405959848122444,-0.006360523631964,0.0001999427236701,0.0010509924799679,-0.0001249331960818,0.0002824838297778,-3.813712397322344e-05,0.0018525482096699,0.342200933843,0.217287270656,0.0691691906441,245318.873126,163844.576041,54425.1488725,7711.77158757,2254.3025229,0.027933754827821372
5.328551763872127,22.150112007187644,150.14959266484703,277.4735758620676,1.2075986201834463,1.2669181026874643,1.5726771541095257,1.1742567416834524,-0.8714063769697186,0.0106330242703039,-0.0033611379516322,0.0025541734822532,0.6373721202531506,0.0081614451645117,30.247076477147253,1.0827671800220098,0.9560820243659746,0.8364536706926453,1.48684856705792,1.0058196839057594,1.256615939890509,1.5550847492777446,0.8571828192808414,1.0157562715482702,0.3840899655728477,-0.0567489113465781,0.000275242535959,0.0008233386358632,-2.073795730902643e-06,0.0001177774441843,-0.0002257091745006,0.0010824752766929,0.381024693941,0.16447467392,0.0449154084941,245318.865102,158222.978751,53688.4394021,7772.48217094,2252.78832009,0.020237728713782942
5.478874033426485,6.459952617531557,18.944525314958284,277.10601937785185,1.7078323208851414,1.3733254091336646,2.3672131602710924,0.5899862806527563,-4.928359745825281,0.002259315434185,-0.0044781353236216,0.0041019084871073,-0.662853981802666,0.0037247231615245,34.730957275289434,0.9989420141787386,1.1942470244908945,1.0967801366697694,1.7278562545729386,0.764141025598319,0.8760598116050876,0.8479341362618468,1.3703996807580132,1.1187403255153496,0.8920732662703488,-0.0474095065107628,0.0002958275121362,0.0017132663099177,-9.97258299987436e-06,0.0001124276923839,0.0001574934943548,0.0019051951718869,0.344275796914,0.259435723176,0.182784647693,245318.880363,171866.480359,62103.7192432,9126.53583057,2255.16212921,0.038687359172240504
4.271662970232583,20.065957378678178,116.99924927598252,281.7357727265803,1.4828413541752767,1.4548556708545004,3.516951927651869,1.0749031944601235,-0.4747973589661006,0.0169895219463586,-0.0019697927646548,0.0013126213116043,2.190831519975236,0.0023026212499167,33.078251520630246,1.154994874238778,0.9799576627775124,0.8868097551103207,0.5301386930990081,0.2297028825749018,0.3523750661771054,0.4298669054815987,1.251839995356601,0.9739020747053934,0.5990402510475479,0.0376100739554003,0.0002657337739536,0.0014837277955198,-4.495972053633729e-06,6.979806602171325e-05,-6.259245599182351e-05,0.0005225220796714,0.524366602781,0.343540172767,0.111288588728,245318.871137,161713.161384,52534.3425086,7340.64281551,2240.29275661,0.02695236503437941
4.461957327889102,21.83008219743244,129.10346663600345,279.11169455747546,0.9869497372946324,1.5773106614832184,3.347377689890118,0.8263111479405857,-0.1029165697328734,0.0081707425352288,-0.0047073756925991,0.0034455800119465,1.010398426674023,0.0065184218673246,30.297478572829736,1.0742722484310494,1.0064271982826969,1.0122317814126385,1.2764643039144972,0.5085908437168912,0.9618541205376984,0.6615231039756866,1.0688826343318978,0.9697391723573238,0.6516146667883178,-0.0069661697297458,0.0002253261721647,0.0008898384451642,-0.0001754603164415,0.0001519444244389,-6.273098817364333e-05,0.0012091051338055,0.526184618788,0.378843058904,0.0951010102837,245318.864391,157372.500644,52672.718856,7561.22905966,2238.89607419,0.024372162751779024
5.025575798919557,30.0136706073594,160.1331071622318,275.77452684303347,0.926489793322086,1.1040631815269506,1.4824615025726309,0.8975319049536348,-3.929240828335226,0.0025197539833289,-0.0047673584485428,-0.00038890907098,4.518606080286193,0.0025317881278068,35.29457458867399,0.9295622371620478,0.9785733925923124,0.9211372325596616,0.6626603400280378,1.8236880896396293,0.8340999656824146,1.2902179306257937,1.039878656738135,0.9845181455679222,0.9478959234990288,0.0648341920408146,0.0002366129693459,0.0017201909631299,-9.85800513231718e-05,0.0002819559103924,-0.0001598483624826,0.00137864272967,0.295311827561,0.156309982996,0.0505842594293,245318.880882,171710.015889,59032.944819,8455.79252283,2256.97984205,0.040260289320531197
2.876209761452614,10.040542050752912,24.371447478249024,277.83805338760703,1.3261009831380552,1.078501359519184,3.447366453483327,0.709484441812555,-0.9249130933659838,0.0285545602625905,-0.0008211139123228,0.0039702012265072,0.8824436537670803,-0.0024443479689526,38.15018789438924,1.1292228252379377,1.0763548058723045,1.005088311945248,0.4761040017111455,1.3646947024599825,1.270857892938529,1.5909437731422504,1.0700634939435318,1.0451205096584977,0.9117524966416412,-0.0109914037230447,0.000261578245645,0.0012565188479114,2.4143599064024843e-05,1.5007612245995737e-05,0.0001112349707186,0.0016070814878888,0.437481086918,0.317128163576,0.144935490566,245318.88708,178497.268735,64047.0663835,9220.7474671,2252.11332965,0.03950875993950863
4.503087148680525,21.88231434274329,168.13447478292218,275.1914960671763,1.281930380428497,1.15410789820723,1.6744361117527846,0.9444532384321404,-0.820468780366304,0.0283920342853816,-0.0014436129362635,-0.0015740329980598,2.251684407385872,0.0100001242670377,31.65219391498715,0.9942091144034192,1.171442248115057,0.9297595202983484,1.1171853238822955,0.6960665414005385,0.9540467500998292,2.058020599143514,1.12144345651424,1.0042097299626291,1.3639674813972291,-0.0512051173420966,0.0002199057000319,0.0014286645881432,-6.146570190903752e-05,5.8934933762515926e-05,1.1172809852478716e-05,0.0013769441926207,0.301811829739,0.108891774458,0.0140575544063,245318.871305,163649.328158,57284.0078856,8453.2098052,2261.42487465,0.04043855751551686
4.585725332747421,10.531471317982271,23.12710550658781,278.85327620660746,2.001785885726932,0.9670422456996216,3.1188917536455585,1.2870649449191354,-0.8715408857133785,0.0134137169632609,-0.0025650468582092,0.0004637917734179,1.3979768010342484,0.0048792970057169,33.59053801646845,0.8875310208082162,1.141586116428533,0.8466358667416066,0.917405519778306,0.4820373944672143,0.985594295151306,-0.5129415940340356,0.7279636489923339,0.958028976983615,0.5780268386470072,-0.0544401512764379,0.000252866474811,0.0014419822900525,-9.01478763081781e-05,4.00908493738481e-05,0.0001405034212007,0.0012297825924136,0.400278884177,0.285816608419,0.201487529659,245318.875104,166104.733891,56729.3684934,8122.78184991,2250.50080705,0.022789739949208822
5.495742173558683,36.27388001880702,190.38777542430864,274.1057588853791,0.6714335513436591,1.6157971595984322,0.5589800007255046,0.6111420057828307,-0.4143362301785754,0.0384961624730697,-0.0015191171254417,-0.0019605002217564,5.271131616244544,0.0074242082468101,31.42994173603044,1.1361249185250328,0.8402039698888155,1.2020850523151758,1.273520757821929,1.2249548044227188,0.8782918178044192,0.9814552964640284,0.62750969773739,1.001299219867663,1.2146769909128714,-0.0513861655964236,0.000200098459287,0.0009903156545124,-0.0001287067239817,7.031000818926255e-05,9.59423506220326e-05,0.000920303591622,0.54951397025,0.152429259615,0.0176319366646,245318.870322,162857.20522,57098.1941504,8505.4132507,2241.10235319,0.03154840886675829
3.2690463618345422,6.792796383147683,62.9270710127864,276.156792545653,1.3944554764141497,1.51863050021689,3.2542684526397414,1.4052426197729546,-0.4202405596628267,0.0468077001935223,-0.0033184577752909,-0.0017153758750039,5.305819908649523,0.007777386894126,30.90843778931168,1.108837808753908,0.9284594162431437,1.1250681484790563,0.613898382549553,1.588450801278042,1.4358957167178612,0.6315736185155685,1.0588484317209936,1.0142094535732145,1.175204291283709,-0.0397204164294334,0.0002472225713803,0.0010095334630807,3.6137714566116615e-05,-1.77982614778112e-05,0.0001286337877694,0.0013547548510035,0.395608609183,0.256691642557,0.0962327265798,245318.866205,158841.731352,53665.1304578,7884.1717273,2254.23876651,0.029621158334297414
4.042360597493365,12.884553243047666,83.07692945775972,273.46692979612214,1.608825655386937,1.6390969615928042,3.326500718695426,0.78411323252797,-3.558284148685661,0.0024456550251603,-0.0014606812981881,0.0015478566039056,4.134207879006484,0.0026824626666098,34.95971242830904,0.9890078316488412,1.087002385844558,1.0534290783251654,1.6317815661321171,1.1360108484371456,1.3291173001365235,-1.0181958746886624,1.079831373060901,1.0870237139226278,1.0125881004513433,0.0054364393261314,0.0002254857330465,0.0012084267569552,-2.015953524289872e-05,8.202814085175692e-05,0.0001962998918804,0.0009676743172733,0.467311000484,0.322556955451,0.106568892249,245318.881801,173522.789816,63107.3730077,9414.39192857,2245.35610289,0.0285546851926651
4.893465992043922,46.63951275437337,59.80728230680302,275.99232890960457,1.5233947852950078,1.5286005215471787,2.544814559066751,1.1704727553892738,-0.3732038614340095,0.0360953795923762,-0.0009464718437478,0.0012248345085662,2.3670456554412445,0.0060123945705457,32.46774676197717,0.8925325238670253,0.99617782721126,1.036208404740394,1.538138502119534,0.552145753152804,1.0260480216251942,0.8256729783484534,0.652143968931238,1.0387071762890894,0.9894570259433596,0.0255378114415634,0.0002636414102954,0.0016033853235742,-0.0001467768992833,0.0001700632597336,-0.0001704974246594,0.0002912643252849,0.463954527374,0.241623787353,0.117721663124,245318.873344,165163.904315,57756.2941113,8451.10295752,2245.04739361,0.02244356086504529
4.099543136236004,30.83625906374663,88.70977434066013,279.34715519668896,1.425110044725841,1.4544634511611914,3.7046271295189137,1.2206331649685087,-0.5311396492935659,0.0363797646831573,-0.0008685827980428,0.0011413260007134,1.674337968773032,0.0036744169438694,34.20871050272787,0.9068881909932348,1.1079750697639907,1.08507331513418,-0.0071124291466484,0.9372134493900032,-0.132104583917261,1.9649827941106737,1.2057365379304177,1.0722976093050132,0.3785599610271571,0.0068520724972689,0.0002210415007593,0.001354743100503,-5.8812925214816015e-05,2.924022204839902e-05,-0.0003756288315168,0.0006917730836872,0.400756069303,0.244105820366,0.0942794183943,245318.877026,167941.620394,57851.0818888,8310.07947633,2250.35261123,0.022533336773184507
6.83411814818075,11.1838860081644,80.150664813785,281.0284676504812,1.802762858715433,1.0817600185121408,1.9040249715214967,1.6445178809156882,-0.3811285787646449,0.0253994613604154,-0.0032162212590016,-0.0007735262132231,6.391646623442647,0.0061500341331628,28.988717044287867,1.0402756227365526,0.9686754768695388,1.1240915618833789,0.8255340204770246,0.2365169830570429,0.868100708993272,1.6647788180599628,1.1223623296142424,0.9976358254788862,0.9784616646326504,-0.0336479487853604,0.0002270157622756,0.0015010389329781,-0.0001431803276608,5.968149967966811e-05,-0.0003717677322061,0.0005226171262346,0.380898487472,0.179811049672,0.0870675692626,245318.855755,150036.752865,46755.3575192,6596.82986009,2252.33193109,0.032061913638095435
2.8786520859235045,6.625192515274638,88.46399168163778,278.084294189836,1.2650132862031498,1.684900268383971,3.248765600897704,1.0849342878762724,-1.417396155461798,0.0066246251427414,-0.0013621084133512,0.0053282683937957,-2.7382392583965656,-0.0018607772522684,39.34413953460578,0.8688919462791661,1.1109613386345445,0.9328055503577845,1.6071214699483818,0.7844373703167941,1.0573845778672566,-1.1337753489919362,0.9851725921101316,0.9503542161798926,1.094509513783951,-0.0548206861560519,0.000188639547331,0.0012213758344037,6.074934297272383e-05,4.108618170879487e-05,1.7338166353247264e-05,0.0012606015160104,0.449577259833,0.318295128002,0.105877400844,245318.890777,183256.005832,68401.01833,9877.01111313,2248.3910925,0.027462767744533725
2.88667662887783,13.739304459888062,105.95147296177883,278.0855307222062,0.8395340617276607,0.9992834026318091,1.6752346782540286,0.5655943176586572,-1.921577677661701,0.0039729642896788,-0.0018615151577826,0.0023992990726087,0.971973332655342,0.0049101641037731,32.81096466724397,0.9032462378170424,1.0641545330330653,0.8524088888578035,0.662338005075115,1.2975143970461276,1.0676165510859923,1.1223289466261928,1.0639649049808293,0.9531656445928364,1.3800216506932008,0.0384949445293503,0.0002218613829268,0.0013039703566752,-0.0001991098999668,5.828923339112272e-05,0.0001443490926939,0.0008473436529376,0.571924588915,0.37682408935,0.0925755063102,245318.873666,165124.113895,56869.243152,8214.90887453,2236.75690375,0.05509361329994
3.157400706434517,7.932275344883868,114.0822800286612,279.13464157135707,1.45388178049926,0.8607710176866292,3.4559986737620667,0.9702238727653733,-1.0594877774797784,0.0085780056816858,-0.0041527443569821,0.0016449833268858,4.252943559892708,-0.0004807323834655,34.74498254783887,0.97887786433158,1.1051776787003569,0.82794225341533,0.371019584136947,0.6793000542564769,0.925171458253839,2.0492012838166005,0.9930701403824688,1.0104603161211867,1.2650436428776104,0.0380922895577664,0.0002135261642741,0.0010424218438872,4.286314379490193e-05,6.732825726494919e-05,0.0003718559518663,0.0021399971658359,0.518086326719,0.359920864889,0.107647720758,245318.877243,167599.133147,56031.8526691,7984.80724721,2243.2658005,0.045355536555827844
4.45507079577183,19.221835676610283,20.670980807718195,277.79654899396576,1.4960855407329343,1.3319860048014376,1.3733912488889628,0.9381114139191054,-12.452049529417812,0.0009291416223582,-0.002374426970143,0.0003402657322312,3.710611602550996,0.0068396987918742,31.113554411266385,0.8489661290247436,1.080084456758147,0.9729031616368218,0.2914047255935362,2.312558897802025,1.1669150019205603,1.1261926363198205,1.0732123730563872,1.1541044638093263,0.9886297365313468,0.0246997424355666,0.0002427343265325,0.0009903036497475,-5.8102978476986434e-05,4.018261195090098e-05,0.0001089905327686,0.0020020525715475,0.322427656393,0.187039488469,0.153491655228,245318.867711,159864.189802,53256.7530926,7675.70545723,2256.7090099,0.0373846609488011
6.115366075135867,20.62843843720617,136.1546396542322,278.56352473993167,1.0337288130297584,2.372977077091769,1.202771535265405,1.1669687858310946,-0.4211692924127115,0.0040481701231791,-0.0019395199707062,-0.0022766605744586,2.8786619842645385,0.0101415196037819,29.52044708927449,0.942191209681236,1.1450566829255069,0.9431542918611564,1.2682369686357526,0.7370110016731803,0.2987063826288307,1.4781309851966589,1.040889777725452,0.8435024004674379,0.523925558429541,0.0428275797345305,0.0002163260025834,0.0006354116607381,-0.0001467620800162,8.478032204139492e-05,0.0003876236219093,0.0016268065332419,0.513023931951,0.235914437697,0.0725640307586,245318.862476,156215.520516,52237.6643994,7516.62780654,2240.30645808,0.021228180603623137
2.549049689434977,22.033285091605936,72.53242753827222,278.66874250531845,0.7414083871314311,1.5884145441890358,3.9804105895390025,0.35759005158724,-3.084160680478471,0.0044491161710136,-0.003776502609224,0.0036363449620831,1.9032850036568576,0.0032569746281311,32.68529627154739,1.277328694877231,1.0418895056988011,1.0860567436997786,1.0568162966924208,1.4884083132650283,0.3845244021879175,0.6253082071184152,1.067928327604568,0.996423113030422,1.424165225823903,-0.015718303362607,0.0003097550612153,0.001032878365567,9.73878588908582e-05,5.71575097610561e-05,-0.0001141712177301,0.0017923107455079,0.306048757998,0.221001639452,0.0556584085941,245318.871867,163036.960364,54686.7728233,7807.3297793,2257.0281886,0.03841160570979571
6.174063769960082,51.19294646794205,231.73992590126977,276.4988313378267,0.0828092161118322,2.108299495015105,0.6749011968887024,0.1442866201229606,-0.1072562084005568,0.0078125084414853,-0.003175694064601,0.0008050204056869,4.24406036696631,0.0026208858051314,33.823009834609365,1.0825824522168128,0.9399593393041592,0.9982428611326802,1.8132379687731888,1.5054576712523715,0.5136382468804666,1.3813915627651543,0.9617042229879836,0.8791158097431646,1.103598307126107,-0.060983625189701,0.000200121754832,0.0013038377553707,-0.0001197136690629,0.0001762458603746,0.000188837545275,0.0010320596413981,0.615598573864,0.23121041973,0.00555419252674,245318.877562,169046.124741,59739.7148314,8767.99439008,2233.33601238,0.027841170262745567
5.45100641274217,19.837972816548778,76.79101260944174,279.7627941883279,1.177223976953657,1.721224343844291,2.1787104957781875,0.6231059742058932,-0.5689415580918454,0.0359255115302334,-0.0019317941466798,0.00224154693281,3.247101538725845,0.0025509723085038,32.824199074673075,1.0352045350332018,1.1076636333095595,0.9306671860453172,0.988181485368396,1.2391915375734566,0.3169766461983022,-2.11423388088238,1.0756219411530887,0.9792200726898274,0.3621556565358161,-0.0036415404999025,0.000154135136858,0.001082443092748,4.098942954416965e-05,2.075859248213747e-05,-0.0001523436032059,0.0018702809982847,0.434242960855,0.257438996752,0.0637007628988,245318.871215,162211.461241,53950.2185638,7701.32508484,2249.23337547,0.021397655816009022
2.87748925470508,16.704305120738994,50.70137222078472,277.3309446207655,1.2615696275174164,1.8632986320290352,2.66583406467677,0.9521043968758354,-0.2209209801615391,0.0124850873393191,-0.003071438795762,0.0031974016125177,2.242544345162804,-0.000383796865951,36.30661897983511,0.9358050672993092,1.0337413559726316,0.8955198360350993,1.206190918928273,1.787613647832889,1.1929086456180562,-0.5726103405542118,0.9462128972451942,0.9201609176737298,1.2967512646866897,-0.0040362862854487,0.0002571643065331,0.0011093621008428,-0.0001472095500957,-9.051617593865752e-05,4.469991586876157e-05,0.0005736904213767,0.512173012505,0.351485635702,0.174141871016,245318.883411,174626.334042,62272.3651901,9034.00253531,2241.04382287,0.028496488951947258
5.0510698701489405,18.33647097343901,18.358213055924963,279.1582289971241,1.3462085339890184,0.9609214391873931,1.7402929730847712,1.2216658769870006,-29.97601215459461,0.0004747604805571,-0.0001450707321608,0.0031717453548268,1.3655905255489755,0.0031347649756662,33.16300832742547,0.9889714841464624,0.8727457830761564,0.9435461974662728,1.2251056251141383,0.3813789256002207,0.1019999040823435,0.9383222473933396,0.8676372691894603,1.0421178631802517,0.6251030104087596,0.0046705982667925,0.0002667729107808,0.0014808240890927,-0.0001415193564584,0.0002043504627047,0.0001141902397293,0.0008277032107923,0.279119503463,0.229425424808,0.228103466137,245318.873453,164369.61713,55090.0689968,7811.96094295,2255.88628248,0.03519990834159157
2.4313473352890576,24.590171973751566,45.17399113583851,277.84055865497726,1.8220867873762447,0.7480570412944427,4.551937958267341,1.223139303575251,-3.0378561425832493,0.0036148286271834,-0.003024479704834,-0.0023087653821204,4.789411781345231,0.0081049194141787,30.9489253493426,0.9667002200943944,1.0053517925757942,0.9573782621373385,0.8114784093541385,1.161055714965758,1.426782787353768,-0.1692573801372227,1.173986790571642,1.045229783957527,1.0850864795759738,-0.0227798522529927,0.0002802140917436,0.0008193581104993,-7.593671019462954e-05,0.0001755993708514,0.0001421835084807,0.0009329410216197,0.305885430311,0.206977075187,0.133142358067,245318.866582,158893.841713,52424.1966961,7509.70568201,2256.96938676,0.03436066057214468
2.28138338144602,9.46532306320085,82.95806875968485,278.5798408348276,1.4120543958742724,1.1806733520855628,3.179278538515708,0.8278775057451188,-0.7595152253012936,0.0378497038223018,-0.0026325507388243,0.0030526314436881,1.0385955581537918,-0.0022205818849432,38.47738465026686,0.8818288391807536,0.8889254270972066,1.0176314790556518,0.218770092300054,1.6371972762076905,0.942851438495961,0.1282434723251901,1.1097028400320192,1.0304210490087706,1.1929752904394215,-0.0315108337712515,0.000271348236617,0.0010683989161625,-9.24259998783767e-06,0.0001681696567129,-0.0001087929195003,0.0011474421169702,0.296310637573,0.177498752154,0.0319981175984,245318.88757,178984.084502,64001.9379596,9174.4046078,2262.79927387,0.03874588737993079
4.46191367687098,17.563441035758295,85.82114812023235,279.8469066156176,1.352451917011502,1.6852922805993242,3.362507258573012,0.7019064689236479,-0.5215214804005359,0.0252836966436671,-0.0052180988335323,0.0020194073172249,1.6232946766660588,0.0058347800384063,31.34434343494476,1.0424423495387791,1.0947734415589931,1.049950370378598,1.4470674780087036,0.4933370468267748,1.1359991766912856,-1.0902601896707211,1.0943549716156566,1.1142068287808788,0.5941167150598348,-0.0700185247440497,0.0002271871918112,0.0011027911168357,-0.000137361017783,0.0001563006460996,0.0003119184372165,0.0020475047995873,0.332945239317,0.221341449164,0.0591006763293,245318.867143,159113.067637,52803.1632515,7526.49039037,2255.65050199,0.02136587951413803
3.937867917588012,18.847526030455093,111.16061333699083,278.4053153634076,1.6100673614919487,1.5010241682845755,2.378333090124497,0.9701139660391443,-2.221712010793796,0.0042052530510817,-0.0013991700468126,0.0027252780142696,1.497434120238482,0.0014388061194926,35.28535459563027,1.1318885873485978,0.8830220349112432,1.0883986226973503,0.4663919385752522,0.1896006503333654,0.6353151125986476,1.4456387168645268,0.9477168102914332,1.0065938216508823,0.8688144821139533,0.0216088763585666,0.0001867070479568,0.0008223635694397,-0.000110018507465,0.0001566698013003,-0.0003006842589419,0.0009779295777387,0.370971411362,0.207954827033,0.0733586358401,245318.8801,170916.630944,59365.0635942,8516.90340506,2251.9360469,0.0280919994265988
4.780931491351767,38.95330833048112,69.71767615755839,280.6638828575855,1.1502738302056756,1.8589487832304323,2.883779992173612,0.9928810421034562,-4.785964898630944,0.0012141064003241,-0.0011319280066518,0.0031454670423553,-0.2636534954752805,-0.0002652400229639,36.42120889281641,1.2066637820299102,0.9231919838546838,1.104109071626714,0.0395218100809946,0.2307036703930841,0.9471760912724468,1.4106627418930022,0.932124223028341,0.8885745185950285,1.428317124637566,-0.0426364568471806,0.0002402986652178,0.0008691651771298,-0.0001151768232829,0.0001436540046027,-0.0001176192384335,0.0004083296683849,0.35998937231,0.221254556775,0.0998559268913,245318.881631,172040.841802,58855.1893913,8272.43338147,2251.90340923,0.026157205991180592
3.255469446144222,20.4277727847118,57.81321045581304,277.9903903274088,1.0222438751247365,1.559496646274909,2.1771364269205584,1.0050235600557844,-1.9731589852227545,0.0029322240108294,-0.0013315664617287,-1.89590997753009e-05,5.535188109665519,0.0041133027863522,30.874966155341795,1.12157915275754,1.1649746669071994,1.1890357093385644,1.0748071466313864,1.0729077348280285,0.6571454324115964,0.801439675979391,0.9145505889273252,1.0493533475131902,0.8837175993713484,0.0925347897535773,0.0002841303119133,0.0009733712410891,-6.228927272942208e-05,8.703963505078063e-05,-0.0002286822596262,-0.0002889283717278,0.626888111208,0.413623555122,0.213417590194,245318.867267,159632.203194,53363.3387407,7715.33999898,2232.34151341,0.03196002129108275
3.161995000605293,3.332964207261117,44.24927077369502,274.3222921967986,1.959700816577234,1.4870414213362368,4.396545925887467,1.538978232722766,-0.1775470501623025,0.031360156030121,-0.0046203581643364,0.000185629702555,3.1059538972967924,0.0044283803131381,35.26618684477302,0.98244240358983,1.042576387085156,0.8836346245252864,1.1985712767141496,0.8051277871848674,0.9918797111093892,-0.9628334170924788,0.8584215360288924,1.047994248613128,0.7894129359598658,-0.0292246287082711,0.0002733370374776,0.0013392272453006,-0.0001676941229954,-2.8449966601904025e-05,-0.0002976336700835,0.0006012805110353,0.472812646468,0.36548468829,0.225350436782,245318.883045,174993.719482,64642.7159032,9667.63713723,2244.03340236,0.022474776133167257
5.336065358968897,21.29600456956805,109.69392955831792,276.2036488614466,1.3225745210438853,2.202606858120037,3.3370263892633547,0.7304570569339551,-0.8770414479086116,0.0139488193483964,-0.0010407812125087,-0.0012382384573926,4.50100603561321,0.0084192257584476,31.46873156738212,1.102523142541217,1.0049829830950352,0.875832418493438,-0.0891140051222774,0.8943376596968694,0.3354186088758006,0.7350563498666451,0.8881116827145801,1.0345032543283763,1.0840634149973087,-0.0575916259223058,0.0002425708310758,0.0012001459141554,-0.0001338657697127,9.313168880911444e-05,7.783879617795975e-05,0.0026322371672906,0.401614424345,0.270440025901,0.0629426963086,245318.871107,163621.344506,57512.8508935,8503.74815525,2249.57423973,0.021957118916401213
4.989855652867087,19.842607009612813,137.42460912038496,278.847861527716,1.030363323863797,1.1657727894974186,3.183676899107387,1.1504360337140271,-0.5005908035248289,0.0176634087812882,-0.0041617007932225,0.0015137575025021,0.2522872257295969,0.0042030918147577,33.99243843918428,1.0707940244422085,1.0762183781274628,0.9340499432533196,1.4355107975504615,1.840656670800255,1.060723494785152,1.94018832774307,0.808671220714598,0.9480309318710224,0.7305554209951668,-0.0172064010608595,0.0002629844061809,0.0014444797009349,-0.0001543437704538,0.000236556907805,6.553346245781675e-05,0.0014967966975523,0.459241523842,0.307229065309,0.0939743760895,245318.876155,167019.054776,57143.5627025,8150.32322185,2244.78243392,0.025518601914718823
3.343609325790656,19.66957372247853,30.326428341963503,279.00299736769296,1.5308004630626508,1.2645383704944622,4.561572913742262,1.2362639424388182,-1.6609762933975003,0.0107767002428395,-0.0005013438680219,0.0037379506833299,0.3075760237374542,0.0034601021912957,33.10908821747935,1.1411019303674328,0.98315428419409,1.118626466199613,1.1990448636866446,0.853014190363971,1.0375541189897206,0.3670285404202134,0.979531526664033,0.9326080787705182,0.8813890081514831,0.0289744066676336,0.0002180805980572,0.0009559052235361,-7.006358719727473e-05,8.571351892571378e-05,0.0005058306101932,0.0017166064095302,0.322730249531,0.233960743267,0.156290694196,245318.873127,164170.95388,55534.9935333,7916.24760391,2256.36871813,0.02855825925883549
5.534612478443178,7.456799713719505,61.54389893166587,278.66208187903334,1.9545174639395988,0.8105241016270233,3.2766319755735687,1.4834079585307531,-1.2432844854423777,0.007742713319994,-0.0025232214781696,-0.0009048261130275,5.872783403098825,0.00412472303832,31.76085639640084,0.9505350348489696,0.9486626474904306,0.9627122897014236,0.5271406319579663,0.277451632457479,1.3569600587570658,1.4266046753278887,0.8672974271053069,1.05073519056779,1.2184960851049476,-0.0113853834988104,0.0002737955428185,0.0015310901237755,7.591154348489978e-06,0.0001243829704096,5.930946430924646e-05,0.0009737582113818,0.434633302276,0.277920688285,0.143823604743,245318.867772,159307.703325,52001.1680064,7431.26409894,2248.81009071,0.034252094615880975
4.2378947358244,7.133475882676479,166.72657414114582,281.3568770317714,0.826970896732649,1.9637736824416905,2.401014831816968,0.7695488855034445,-0.0409319128790401,0.0416206392743893,-0.0008990917344654,0.0035132157763223,0.9023406129312164,0.0048431658384344,30.67596961388861,0.8347621019151467,1.069533102277966,0.988763184866623,0.8747065622498059,2.276706962350429,0.8560640276086107,1.21958417462672,1.0123405667073644,0.968694398285796,1.119101599204868,0.030382533970843,0.0002406658485856,0.0011662582971802,-0.0001494674377556,7.558450484808589e-05,-1.5850837508219164e-05,-0.0003418347938146,0.658595696102,0.495099577086,0.0895004513638,245318.863752,156159.196985,50836.7831448,7171.19658848,2229.93612098,0.030876307780293724
2.8844807958379577,8.635729989694598,120.90344827861254,277.8683145101505,1.132353140599914,2.0521345429107165,5.105055688459372,0.8635978984332997,-0.1778675987025299,0.0500345455032099,-0.0019987936099733,0.001572952812012,3.882565600631808,-0.0011082173711376,37.05752715957406,0.8617052964878836,0.8607944776887726,0.7147018786832571,1.6002060410358714,1.252487043771517,0.5616193162895058,1.661797107374089,1.0931117319284192,0.9140021743908572,0.8025390436081878,0.0411592442954262,0.0002215164796643,0.0014551300830695,-0.0001276556287229,-0.0001349320061592,0.0002574527495526,0.0012599382210422,0.46477427768,0.381888062178,0.0966548653286,245318.885201,176539.482111,63163.6896465,9160.0945935,2244.46787655,0.02557916171680157
3.905941885961573,31.74094367519615,113.74050987202992,278.9524584995106,0.5102137407985037,1.6342263526450067,1.5531861578543094,0.5603949688220762,-1.4531979840309106,0.0119832070208399,-0.0040565790182231,0.0030161385251792,1.378387955115937,-0.0002345475913413,36.38083322502423,1.169878230910451,0.9689107967010998,0.9699716972674916,0.8242667153230964,0.6280117734154018,0.3262001703713311,-0.3101011200595646,0.977810788748042,0.960010217092619,1.065968366502177,0.0541107536750506,0.0002683822442562,0.0017923231089283,3.2509172978005234e-05,0.0002280709243377,0.000178872929915,0.0010132984467865,0.288890806906,0.15549177187,0.0419651916356,245318.882355,173023.898933,59938.9344612,8537.39798894,2259.73538894,0.03509648324174647
3.6168090125149575,6.486858460361908,146.33789251779223,276.2080498314887,1.1865779589979508,1.9306775309465625,2.924023629521546,1.175350355710698,-0.0959023128885652,0.0438715058924677,-0.0018595668234995,0.0027276410626167,-0.231895785545392,0.0029925922436302,36.03052221983042,0.8954032502454515,1.0002004755415677,0.8683506985695598,1.0163711337370422,0.5256262430923883,1.3525026536298024,-0.129070233774183,0.8609853214344948,0.8650258035406467,1.1438976565245065,0.0553058300131323,0.0002169466571915,0.0008741553479315,1.358266224871342e-05,0.0001724324858299,-0.0003728955998406,0.0007982636547308,0.556433582159,0.38191815686,0.0995398360433,245318.883696,175247.487349,63743.2449216,9341.64200675,2238.84009937,0.02662724117700716
5.165032458770236,29.836846900324392,81.51659798913448,279.1008038707176,1.416168756834477,1.0884191457499484,2.358712200482091,1.319231213811178,-1.835829909451224,0.0113986727221658,-0.000716057957029,0.0036854432854395,1.636012513729978,-0.0003944337452371,35.94590575663049,1.0908009902895792,0.9428964253700902,1.0591881839035415,1.522146736704663,0.9267249376340728,1.315718748512248,1.2365513276076336,0.8472676118387581,1.1379736716199929,1.2210771086227612,-0.0403824376719466,0.0002837230060547,0.0011254587749949,-1.386820169354202e-05,0.0001551427765359,0.0001121577392343,0.0022764641420283,0.324483044347,0.146204795006,0.0627310925563,245318.881003,171599.56954,59238.5242406,8460.08054692,2258.24734217,0.03183316522025982
3.770516229283808,5.366714526746562,48.29064481425106,278.6396888570208,1.6003518670706958,1.4376196957360954,2.2412685588822567,0.68008439271365,-0.7719704242240834,0.0251216453481783,-0.0010832188176391,0.0005530868128718,4.516369661678967,0.0020640014963865,33.82847651786322,0.9031089569392916,0.8936321090590507,0.981701556021124,0.7029946648035384,0.4412478697534798,1.3739609583633223,-1.1735168970667085,1.1044005967657702,1.1254797540158128,1.181540905973349,-0.1020278341316609,0.0001892587913495,0.0009529459332314,-0.0001055354714741,0.000183635716276,2.8084543866507007e-05,0.0012955065934069,0.401511722116,0.258989104037,0.074198557002,245318.873768,164355.909309,54734.7988714,7858.24768019,2254.00653904,0.03346488029436261
4.3616968469933655,9.27113282845135,51.6495591449769,278.550329829771,2.055000601208124,0.8486649029834723,5.467468200040633,1.4223036299109446,-6.696298760073916,0.0013314254921218,-0.002630209494601,0.0004958604090715,1.8226154141749429,0.0054871493803935,32.6875552036683,1.033298511154417,0.8544510207491249,1.1007139259690488,0.3017603153898369,1.7572539295097311,1.094269444510225,1.19600803061875,0.8321461723344793,0.9569008956670708,1.0963695654197223,0.0305763215783725,0.0002984909747675,0.0012793241834282,-0.0001284890349658,0.0001150038632957,4.4090800634738886e-05,0.0031615744727777,0.45374483457,0.349662084206,0.20786390185,245318.87256,163887.944563,55606.0344127,7965.53387172,2245.2992817,0.031003944869445493
3.4329357095143265,19.70340868921412,46.65697139233609,281.7096386645236,1.133956421275469,1.452693955427538,2.7090652512254056,0.954061214051392,-1.075105148707191,0.0180204631271772,-0.0022229137600717,0.0015267878250497,0.7974938197438025,0.003980296250641,32.80715551578586,1.0747760903454413,1.0269866507260463,0.9589755299588586,0.8499163487191688,1.4821570402035689,0.5174677308792459,0.7975703183284394,0.7332417971139038,1.0442472768046394,0.649612899947662,-0.0568218557308842,0.0002257321310832,0.0006274941682756,-9.763717448998207e-05,0.0001301130671532,-4.454346131501935e-05,0.0015588918204915,0.26202687697,0.156936168783,0.0776388647822,245318.870373,161125.705004,52545.7663918,7346.06887575,2261.46689956,0.022066622325636862
4.772739692213275,13.39543825754652,69.5822022325088,277.5219076473045,1.4023332943512818,1.186362397007137,2.0062513208252315,1.0019311622678564,-1.025614998800798,0.01781987979516,-0.0016135931328523,0.0034128072335247,2.650727920577602,-0.0013408028669347,36.6202106941153,1.003479039675725,0.899978329441992,0.8846634826277443,1.5387476707763814,1.116028417049734,0.8796489085645605,1.6094197788152436,0.8855808452890536,1.123672102244495,0.9246506060120252,-0.0069879993468724,0.0002882759164212,0.0007536902509256,-6.556354646727113e-05,3.722879213968523e-05,-0.000203738098697,0.0005381783229351,0.356202620057,0.198149120794,0.0865068920781,245318.883165,173979.433697,60738.2561612,8720.22786369,2254.87396558,0.033066978759026665
3.2100502973310423,22.260090376854173,125.56594369276186,280.52801798354426,0.7555843582103954,1.7070061344124046,2.061210575083141,0.7359908331230698,-1.3876592045658342,0.0142941374067927,-0.0038142200382372,0.0043003880025556,0.2997845440612328,0.0027887899492553,33.283686832789606,1.1419684721763144,0.9874738652042836,1.1376487967117916,1.1540860094229155,0.6900086948033635,0.29730461579237,0.8182156200531606,1.0369596295709012,1.0290041287827776,0.9670776089265488,0.0207354636075529,0.0002682701661995,0.001328799787814,0.0001696744624118,0.0001052787139126,0.0001266633070209,0.0015616190400938,0.274218464301,0.133258060778,0.0345953742047,245318.873465,164397.901551,55519.082282,7905.79739392,2262.57118559,0.03215770243245588
6.4884268052751946,15.104503592428893,173.28468415494996,280.40853079400085,0.9984545177618204,1.772270784814883,2.03898776094303,0.3573368267440462,-1.9272043102880383,0.0028088953077759,-0.0019414558528779,0.0004002299788128,3.3819412879942496,0.0047169490824959,31.755065176723104,1.1393071244238684,1.0745554755309112,0.9870229226172073,0.6488987399993855,0.9093618670651618,0.8917531759728615,1.9523152397043424,1.168636826229173,0.9364241683458664,0.5076034042796049,0.0734546183958713,0.0002603702394595,0.0012763023426834,-0.0001292751892684,8.264065041586802e-05,-0.000121815620845,-0.0002110572379632,0.431708903889,0.310745402097,0.0346644336402,245318.868659,160166.26535,52515.2811494,7420.94168915,2245.53091244,0.027848335841612355
6.334347679773667,31.10968278113156,49.8744099327639,279.41811737246906,1.6675000938853008,1.102159995952825,2.031956427407476,1.6614624212012803,-1.0250453554442045,0.0099448591386026,-0.0048427653085295,0.0021863609597548,0.687636389380178,0.0053975726443689,32.147228973966385,1.0033214445844825,0.992198535130506,0.7417132621221036,1.9310601917426733,1.3876414601633535,1.273788111311461,-0.0735520654561697,1.1945995841828363,1.0208576321351943,1.1165962486620848,-0.0129222236063323,0.0001765655290293,0.001385082892015,3.7854850796097616e-05,0.0001133861878524,4.167075437644955e-05,0.0007692193356611,0.304746576233,0.142542819535,0.0960778602763,245318.870057,161527.516844,54075.2521939,7700.20385523,2258.2079773,0.03375836732207549
5.377794138468939,41.536852546925886,81.28823302727898,280.4601020608416,1.0659524890253256,1.4158179090019036,1.0499966331050263,0.9845080927473644,-1.7242391517186146,0.0061557837625788,-0.0038308130152728,0.0019552145791761,2.8520137194020965,0.0042467316358568,31.39616742327868,1.0578547108443168,1.0748741005673796,0.9659945690026408,0.6719367091210396,1.6763409794750197,0.3556774569288421,1.8876266414933875,0.8720474938274847,1.027464283760445,1.8368582261123,-0.0573848768980086,0.0002437236063653,0.0014465245191812,-1.3210545235089712e-05,0.0002130434539331,-0.0005301844885223,0.0011232853380888,0.346264484697,0.126100183629,0.0523935578823,245318.865848,157481.320805,50702.5757556,7138.61507499,2255.49266087,0.043244434667726254
4.580346669282893,9.559703963335393,65.97915997045385,277.4080267999255,1.3608760816149417,1.659340859443212,0.9913522013841712,0.4542307802427519,-1.9594905192233445,0.005203859368266,-0.0027545604662873,-0.0005656037358533,4.519311471554915,0.0045364174552054,32.91486099637087,0.9190046177335988,1.021811972410062,0.7305052693426692,0.3811834967226336,0.2855569869398439,1.4009953369396524,0.8414109097612619,1.1200791333974274,1.0920376846592543,1.225914877085032,0.0628053664408607,0.0002699648823544,0.0011324389040626,-3.3343839259274194e-05,0.0001999149828385,8.00752880897014e-05,0.001096331802044,0.387242978933,0.198555434772,0.0618963055646,245318.873269,164339.627576,55087.1747286,7925.4389392,2252.32748619,0.041105924848270185
4.1235886507042565,23.982951184610823,59.72113857185802,277.3890821938212,0.8074803542909749,0.9231545551834732,1.890929035911608,0.7894092651626052,-1.5579919259216564,0.005719901621639,-0.0040934065197703,0.0007176665559519,4.189701716565522,0.0027576867336718,33.9361389402678,0.9187268475824356,1.0540250405454292,1.268213762957538,1.7722773343864913,0.2748064711678371,1.4981280616246748,1.2104684293270176,1.1839365378590578,1.0040009738917877,1.1635318399228618,-0.0526144610441566,0.0001684997134496,0.0011440627721815,-7.68083671551352e-05,0.0001079069761276,-0.0001126107555896,0.0007507778139375,0.292567603078,0.155931370676,0.0695445311657,245318.87521,165870.852512,55335.8088427,7897.67012196,2259.80661193,0.04324711017417255
3.618298100971818,8.65644308151031,43.810896083508375,278.0652579129573,1.731042865327207,1.0127788964415632,4.343361150505487,0.7347794369269789,-1.535690886697519,0.008284863084956,-0.0027258604267638,0.0034920020839506,-0.233754196843821,0.0056974806142353,32.61683684721295,1.064297844505279,1.0910720105457117,0.7595522536314547,0.1356055910166417,1.3983533567595865,1.1677621740980084,-0.1627177814997893,0.9356810937554384,0.96784854019877,1.2601263947088313,0.0137155291896036,0.0002216618295786,0.001006921946287,-0.0001017350382251,0.0001089501676207,0.000103190824336,0.0005272407232336,0.290646862168,0.222542542589,0.116531224435,245318.873488,165176.739385,57626.1070136,8379.73393759,2258.31479509,0.03946991180193704
3.867174509417725,7.650607695466077,72.1122534694228,279.1823508392475,1.3657049581382354,0.8493400833141864,2.4633613422212104,0.7787512328448049,-0.8089276867204551,0.0264511672528577,-5.072209476177179e-05,0.004152656355606,-0.6580491368024355,0.0015693422061308,35.50569040104832,0.9712618711408022,0.9690198256172184,0.9319814794546364,1.0261058953775517,0.8658614913279408,1.372212982643537,0.1007604368432699,1.0572577799594636,1.000614901703934,0.6478881172669511,-0.0794447537607082,0.0002109542626246,0.0012103661082006,-8.246963718898689e-05,0.0001801438318948,-0.0003584744030154,5.123269155307524e-05,0.373307404815,0.231363807574,0.051737689882,245318.881031,172009.213892,60566.7751636,8696.76762354,2256.41943193,0.03228147968723059
4.845268552062249,26.318509140125123,138.83561659971272,274.3409116746,1.0901594430186423,2.0740075849916213,1.3921950025239318,1.0284861747631622,-0.7007215345205868,0.0062400363360711,-0.0032024343975815,0.0008200070988713,2.134749808815218,0.00313621758955,36.33120665700568,1.1427177988454114,1.091100272718501,0.918592872269676,2.2136813872829,2.0709191149646955,0.9080858215763982,1.33239846866609,0.7952278152840895,0.895540027657584,1.3806165606537926,0.0683389923202384,0.0002207293601432,0.001214857134475,-0.0001077396740753,9.478082556523791e-05,-0.0001064907421595,0.0015662059694131,0.525284199041,0.249707902699,0.0723962665608,245318.885581,177639.820137,66150.5187855,9859.69933614,2239.93778204,0.0303494481131351
3.751399152685769,14.976191626542809,65.83728616690678,277.1247594834189,1.5059085195838675,1.6807938528633364,2.8596939214304906,0.6156983505829484,-1.9556588557671808,0.0046699241848266,-0.0022302165545996,0.0042746085958763,0.3650940217447626,-0.0012486444572025,37.59502883659225,0.8539040311732806,1.037162037067243,0.9968254737963832,0.8882314157299354,0.8601602162405315,1.0678731433172033,1.6085087322701614,1.1449204668930415,1.0760751850792014,0.444142667213563,0.0125888620518148,0.0002266630698611,0.0013965494404784,-1.866502694550658e-05,0.0001010306458904,8.767297467451861e-05,0.0012185624102976,0.392236893708,0.265912444018,0.0916113489839,245318.88646,177965.652934,64321.6562712,9308.22053294,2250.87589654,0.024471742510931097
4.682060647783,13.88264999022503,135.2212108588676,278.8883161462387,1.2883584665556698,1.2797724951890412,1.314931052139619,0.8830033081618011,-2.1170481023017627,0.0035320449240383,-0.0046651725462334,0.0030300669800436,0.582433475504633,0.0075632613887305,29.8907665102984,0.7480767260012586,0.9968291528417904,0.8327299356342577,0.4234168728898106,1.629826551782897,0.8068228860614219,0.6219122934190393,0.890710582159269,1.0107694415167294,1.1120679700446736,0.0374424431441324,0.0002948721873021,0.0009378195545602,-1.121955534133485e-05,4.838952691167538e-05,-5.053582601456616e-05,0.00097620846857,0.335553114456,0.153975860281,0.0482104543998,245318.86263,155953.769257,51783.6349123,7411.03829694,2255.59244098,0.037554999437751965
5.207666294985469,23.421071259515216,64.962944853868,279.8257055337957,1.5404700582523283,1.365726359200846,2.007163397185065,1.1591290730106047,-0.7342037335026151,0.0163732706761815,-0.0012515255393329,0.0024198844080376,1.7886503306926411,0.0015101465089532,34.58264168651181,1.127116176503406,1.0724632520432094,0.764993899696427,1.7377715592867675,0.8967340214831439,1.4662827978025488,1.357453384594981,1.0012934508646565,1.1203257698559317,0.8230409392112441,-0.0458291761772524,0.0001966168025042,0.0008827620073662,-7.600790441449025e-05,0.0001333818341928,3.498273860911541e-05,0.0010226441951582,0.484468191118,0.249224668515,0.113008521466,245318.877275,167906.285532,57193.3602737,8153.34557349,2244.65467079,0.026501575356017666
3.9382377356087614,4.699209874701084,72.2162510592077,276.1515589076519,1.5438128839621874,1.4086747917453557,3.767795594865631,0.7838920159164655,-1.2470446531182997,0.0062614676382035,-0.0047709926061359,0.0053591416467184,-0.1178789429891307,-0.0010375668418394,37.63529517260462,1.0824144018741235,0.9343325500816486,1.18376390770117,0.4632804505419633,2.0469505990480554,0.5130027900658218,-0.1669115869504842,0.923424220200379,1.0949270857738456,1.1689711070663442,-0.0020783128001437,0.0002185669954192,0.0013225178700581,-7.207302318258365e-05,0.0001155063648363,-0.0001398125691605,0.0006482710863192,0.485711496908,0.380109326135,0.141866565136,245318.887413,179351.390516,66312.8111679,9738.59259619,2244.12479662,0.03537336178047943
3.0749352573022364,9.561897923359336,91.8609670518842,279.20483074493296,1.254751525513821,1.923928906266657,3.365791312644613,1.0256416653244829,-0.683745019191049,0.0063055881299784,-0.0030564073348208,0.0013782743608776,3.931034709582847,0.0007113833840391,34.796152840578415,0.8908296393135708,0.9944510119921208,0.8780654130144114,1.1956136788402438,1.3646814390308344,0.9778887861273948,1.2765688978650995,0.9353339523119208,0.950711908118898,0.7699570136179105,0.0653888365443224,0.0001564690154462,0.0010434575822677,-0.0001136893268646,0.0002416539020043,-5.036469074637393e-05,0.0013422375052599,0.460267918991,0.338028449935,0.12525300315,245318.878284,168931.872883,57671.9357538,8242.2729099,2244.80439449,0.0248486506892302
4.614464452921796,15.292488359095683,61.22181785776151,280.05897297571096,1.119837519374115,1.2464698740171856,1.8436604924901632,0.7062587840442758,-1.0593178179540157,0.0271652250653149,-0.0017013067433145,0.0047571927550443,1.544122807002444,-0.003351464739278,37.480824784873136,1.051697348952254,1.0880813593955303,0.91060351934937,1.5680417582152355,2.378976241005048,0.3537665994265808,1.6098587983358723,0.7990946775980318,1.0065246942874209,1.3771946341328711,-0.01589193204145,0.0002648634792056,0.0014241692213629,7.149095163862016e-06,0.0001399714360154,-1.3989193852932888e-05,0.0010185439850258,0.304557865255,0.155120828323,0.0516141903806,245318.88428,174909.291246,60542.9479224,8576.28718452,2260.45760496,0.04096260731833332
5.637419925889592,14.332152068155334,155.65449608158457,278.6374334027236,0.6543705053758877,0.9942583496113278,1.4323585094780529,0.7369581293480902,-0.6940439550083872,0.0293659730160599,-0.005006683745809,0.0021664205847385,1.5762057582452804,0.0008559394344231,36.23402912061109,1.0265534390513322,0.9417130546786248,0.9179620220655464,1.1378821998732978,1.2916151175671098,0.8846771851959425,1.004851668695503,0.9052647559738498,0.9814638144591284,1.5658750210296757,-0.0143068228560104,0.000284456952846,0.0011436278941993,-0.0001927252544856,0.0001275834994349,-0.000258837465369,0.0019947013032117,0.2569851417,0.133520492526,0.0288155246915,245318.882307,173118.318358,60359.3967124,8632.51843679,2261.84723812,0.05260906487566411
4.124825227433437,26.07576728835476,93.86496721116502,277.796433159919,1.0262688174060728,1.9266673630004936,2.368246211797904,0.600805767906073,-1.3581384033528656,0.0044956989235979,-0.0012843864856262,0.002650361024353,2.553248671062617,0.0003959614083149,35.39806948036038,0.9076889437240268,1.018735643774758,0.9648637788771972,1.0686452101419044,2.591904252390872,1.29897517320661,-0.6588994406763301,0.9770706101651744,1.145125824654276,0.669754341110077,-0.0511702106803919,0.0001952420995976,0.0007028525035268,-6.720283158560463e-05,0.0001738180571567,-5.40628065121285e-05,0.0024001766717111,0.61221333606,0.393838489135,0.0879043848609,245318.880839,171905.10017,60684.1251487,8812.81475393,2234.22736502,0.02098233996236941
6.272616403779716,35.87217968786934,76.14962338398556,279.5375909700881,1.0807738347922755,1.1238670167701308,2.170133922578204,0.4715444385740831,-1.880634258512038,0.0044499347992277,-0.0040735544669579,0.0020786441515837,1.2519382375926031,-0.0004128394958946,37.135576668906296,0.9842781637320288,1.1364947119790252,1.103273835133204,0.8634718607820535,1.7098839071347125,1.706717260857571,1.723359897731429,1.018306263668089,1.000089301165592,1.6598079281365994,-0.0208709295472259,0.0001693911596507,0.0011065135435459,-0.0001015534545962,0.000132848905164,0.0003777329057176,0.0011627591316003,0.342369174914,0.203330688855,0.0495298116671,245318.884312,175206.2446,61314.3292394,8717.80101891,2254.13294307,0.041221353645971175
